phase,node_count,window,scope,family,role,normalized_restricted_time,normalized_restricted_time_numerator,normalized_restricted_time_denominator,failure_risk,failure_risk_numerator,failure_risk_denominator,panel_weighted_event_count,panel_weighted_event_count_numerator,panel_weighted_event_count_denominator,interval_type
confirmation,30,full,combined,demand-aware,binary_panel,0.6982837301587301,70387,100800,0.6142857142857143,43,70,258.0,258,1,descriptive-only
confirmation,30,full,combined,demand-aware,source,0.9942592592592593,5369,5400,0.014285714285714285,1,70,6.0,6,1,descriptive-only
confirmation,30,full,combined,fhs3,binary_panel,0.7993154761904762,26857,33600,0.4369047619047619,367,840,183.5,367,2,descriptive-only
confirmation,30,full,combined,fhs3,source,0.9794179894179894,18511,18900,0.0761904761904762,8,105,32.0,32,1,descriptive-only
confirmation,30,full,combined,fhs5,binary_panel,0.6982837301587301,70387,100800,0.6142857142857143,43,70,258.0,258,1,descriptive-only
confirmation,30,full,combined,fhs5,source,0.9933531746031746,10013,10080,0.02619047619047619,11,420,11.0,11,1,descriptive-only
confirmation,30,full,combined,nch,binary_panel,0.9045436507936508,45589,50400,0.25357142857142856,71,280,106.5,213,2,descriptive-only
confirmation,30,full,combined,nch,source,0.9979431216931217,150889,151200,0.004761904761904762,1,210,2.0,2,1,descriptive-only
confirmation,30,full,distribution_shift,demand-aware,binary_panel,0.691195987654321,89579,129600,0.6444444444444445,29,45,116.0,116,1,descriptive-only
confirmation,30,full,distribution_shift,demand-aware,source,0.9953395061728395,32249,32400,0.011111111111111112,1,90,2.0,2,1,descriptive-only
confirmation,30,full,distribution_shift,fhs3,binary_panel,0.8032716049382717,13013,16200,0.44166666666666665,53,120,79.5,159,2,descriptive-only
confirmation,30,full,distribution_shift,fhs3,source,0.9870524691358025,63961,64800,0.06111111111111111,11,180,11.0,11,1,descriptive-only
confirmation,30,full,distribution_shift,fhs5,binary_panel,0.691195987654321,89579,129600,0.6444444444444445,29,45,116.0,116,1,descriptive-only
confirmation,30,full,distribution_shift,fhs5,source,0.9947376543209877,64459,64800,0.022222222222222223,1,45,4.0,4,1,descriptive-only
confirmation,30,full,distribution_shift,nch,binary_panel,0.9153163580246914,4745,5184,0.2361111111111111,17,72,42.5,85,2,descriptive-only
confirmation,30,full,distribution_shift,nch,source,1.0,1,1,0.0,0,1,0.0,0,1,descriptive-only
confirmation,30,full,same_distribution,demand-aware,binary_panel,0.703599537037037,60791,86400,0.5916666666666667,71,120,142.0,142,1,descriptive-only
confirmation,30,full,same_distribution,demand-aware,source,0.9934490740740741,42917,43200,0.016666666666666666,1,60,4.0,4,1,descriptive-only
confirmation,30,full,same_distribution,fhs3,binary_panel,0.7963483796296297,137609,172800,0.43333333333333335,13,30,104.0,104,1,descriptive-only
confirmation,30,full,same_distribution,fhs3,source,0.9736921296296296,84127,86400,0.0875,7,80,21.0,21,1,descriptive-only
confirmation,30,full,same_distribution,fhs5,binary_panel,0.703599537037037,60791,86400,0.5916666666666667,71,120,142.0,142,1,descriptive-only
confirmation,30,full,same_distribution,fhs5,source,0.9923148148148148,10717,10800,0.029166666666666667,7,240,7.0,7,1,descriptive-only
confirmation,30,full,same_distribution,nch,binary_panel,0.8964641203703704,154909,172800,0.26666666666666666,4,15,64.0,64,1,descriptive-only
confirmation,30,full,same_distribution,nch,source,0.9964004629629629,86089,86400,0.008333333333333333,1,120,2.0,2,1,descriptive-only
confirmation,30,half,combined,demand-aware,binary_panel,0.8795899470899471,66497,75600,0.32142857142857145,9,28,135.0,135,1,descriptive-only
confirmation,30,half,combined,demand-aware,source,0.9985449735449735,7549,7560,0.002380952380952381,1,420,1.0,1,1,descriptive-only
confirmation,30,half,combined,fhs3,binary_panel,0.928968253968254,2341,2520,0.21785714285714286,61,280,91.5,183,2,descriptive-only
confirmation,30,half,combined,fhs3,source,0.9979232804232804,75443,75600,0.007142857142857143,1,140,3.0,3,1,descriptive-only
confirmation,30,half,combined,fhs5,binary_panel,0.8795899470899471,66497,75600,0.32142857142857145,9,28,135.0,135,1,descriptive-only
confirmation,30,half,combined,fhs5,source,0.9985449735449735,7549,7560,0.002380952380952381,1,420,1.0,1,1,descriptive-only
confirmation,30,half,combined,nch,binary_panel,0.9792791005291005,148067,151200,0.07380952380952381,31,420,31.0,31,1,descriptive-only
confirmation,30,half,combined,nch,source,0.9996693121693122,3023,3024,0.002380952380952381,1,420,1.0,1,1,descriptive-only
confirmation,30,half,distribution_shift,demand-aware,binary_panel,0.893425925925926,9649,10800,0.31666666666666665,19,60,57.0,57,1,descriptive-only
confirmation,30,half,distribution_shift,demand-aware,source,1.0,1,1,0.0,0,1,0.0,0,1,descriptive-only
confirmation,30,half,distribution_shift,fhs3,binary_panel,0.9320216049382716,12079,12960,0.19722222222222222,71,360,35.5,71,2,descriptive-only
confirmation,30,half,distribution_shift,fhs3,source,1.0,1,1,0.0,0,1,0.0,0,1,descriptive-only
confirmation,30,half,distribution_shift,fhs5,binary_panel,0.893425925925926,9649,10800,0.31666666666666665,19,60,57.0,57,1,descriptive-only
confirmation,30,half,distribution_shift,fhs5,source,1.0,1,1,0.0,0,1,0.0,0,1,descriptive-only
confirmation,30,half,distribution_shift,nch,binary_panel,0.9779320987654321,6337,6480,0.06111111111111111,11,180,11.0,11,1,descriptive-only
confirmation,30,half,distribution_shift,nch,source,1.0,1,1,0.0,0,1,0.0,0,1,descriptive-only
confirmation,30,half,same_distribution,demand-aware,binary_panel,0.8692129629629629,751,864,0.325,13,40,78.0,78,1,descriptive-only
confirmation,30,half,same_distribution,demand-aware,source,0.9974537037037037,4309,4320,0.004166666666666667,1,240,1.0,1,1,descriptive-only
confirmation,30,half,same_distribution,fhs3,binary_panel,0.9266782407407408,16013,17280,0.23333333333333334,7,30,56.0,56,1,descriptive-only
confirmation,30,half,same_distribution,fhs3,source,0.9963657407407407,43043,43200,0.0125,1,80,3.0,3,1,descriptive-only
confirmation,30,half,same_distribution,fhs5,binary_panel,0.8692129629629629,751,864,0.325,13,40,78.0,78,1,descriptive-only
confirmation,30,half,same_distribution,fhs5,source,0.9974537037037037,4309,4320,0.004166666666666667,1,240,1.0,1,1,descriptive-only
confirmation,30,half,same_distribution,nch,binary_panel,0.9802893518518518,84697,86400,0.08333333333333333,1,12,20.0,20,1,descriptive-only
confirmation,30,half,same_distribution,nch,source,0.9994212962962963,1727,1728,0.004166666666666667,1,240,1.0,1,1,descriptive-only
confirmation,60,full,combined,demand-aware,binary_panel,0.6036805555555556,8693,14400,0.725,29,40,304.5,609,2,descriptive-only
confirmation,60,full,combined,demand-aware,source,0.9938921957671958,300553,302400,0.02619047619047619,11,420,11.0,11,1,descriptive-only
confirmation,60,full,combined,fhs3,binary_panel,0.7058746693121694,426913,604800,0.5976190476190476,251,420,251.0,251,1,descriptive-only
confirmation,60,full,combined,fhs3,source,0.9787929894179894,295987,302400,0.1,1,10,42.0,42,1,descriptive-only
confirmation,60,full,combined,fhs5,binary_panel,0.6036805555555556,8693,14400,0.725,29,40,304.5,609,2,descriptive-only
confirmation,60,full,combined,fhs5,source,0.9940443121693122,300599,302400,0.02619047619047619,11,420,11.0,11,1,descriptive-only
confirmation,60,full,combined,nch,binary_panel,0.8327513227513228,15739,18900,0.40595238095238095,341,840,170.5,341,2,descriptive-only
confirmation,60,full,combined,nch,source,0.9984953703703704,8627,8640,0.002380952380952381,1,420,1.0,1,1,descriptive-only
confirmation,60,full,distribution_shift,demand-aware,binary_panel,0.5817746913580247,37699,64800,0.75,3,4,135.0,135,1,descriptive-only
confirmation,60,full,distribution_shift,demand-aware,source,0.9913657407407407,42827,43200,0.016666666666666666,1,60,3.0,3,1,descriptive-only
confirmation,60,full,distribution_shift,fhs3,binary_panel,0.7074922839506173,91691,129600,0.6527777777777778,47,72,117.5,235,2,descriptive-only
confirmation,60,full,distribution_shift,fhs3,source,0.9814351851851851,21199,21600,0.08333333333333333,1,12,15.0,15,1,descriptive-only
confirmation,60,full,distribution_shift,fhs5,binary_panel,0.5817746913580247,37699,64800,0.75,3,4,135.0,135,1,descriptive-only
confirmation,60,full,distribution_shift,fhs5,source,0.9913657407407407,42827,43200,0.016666666666666666,1,60,3.0,3,1,descriptive-only
confirmation,60,full,distribution_shift,nch,binary_panel,0.8269945987654321,214357,259200,0.4444444444444444,4,9,80.0,80,1,descriptive-only
confirmation,60,full,distribution_shift,nch,source,0.9964891975308642,25829,25920,0.005555555555555556,1,180,1.0,1,1,descriptive-only
confirmation,60,full,same_distribution,demand-aware,binary_panel,0.6201099537037037,21431,34560,0.70625,113,160,169.5,339,2,descriptive-only
confirmation,60,full,same_distribution,demand-aware,source,0.9957870370370371,21509,21600,0.03333333333333333,1,30,8.0,8,1,descriptive-only
confirmation,60,full,same_distribution,fhs3,binary_panel,0.7046614583333334,27059,38400,0.55625,89,160,133.5,267,2,descriptive-only
confirmation,60,full,same_distribution,fhs3,source,0.9768113425925926,168793,172800,0.1125,9,80,27.0,27,1,descriptive-only
confirmation,60,full,same_distribution,fhs5,binary_panel,0.6201099537037037,21431,34560,0.70625,113,160,169.5,339,2,descriptive-only
confirmation,60,full,same_distribution,fhs5,source,0.9960532407407408,86059,86400,0.03333333333333333,1,30,8.0,8,1,descriptive-only
confirmation,60,full,same_distribution,nch,binary_panel,0.8370688657407407,289291,345600,0.3770833333333333,181,480,90.5,181,2,descriptive-only
confirmation,60,full,same_distribution,nch,source,1.0,1,1,0.0,0,1,0.0,0,1,descriptive-only
confirmation,60,half,combined,demand-aware,binary_panel,0.8139484126984127,41023,50400,0.45595238095238094,383,840,191.5,383,2,descriptive-only
confirmation,60,half,combined,demand-aware,source,0.999239417989418,30217,30240,0.004761904761904762,1,210,2.0,2,1,descriptive-only
confirmation,60,half,combined,fhs3,binary_panel,0.8858630952380953,5953,6720,0.305952380952381,257,840,128.5,257,2,descriptive-only
confirmation,60,half,combined,fhs3,source,1.0,1,1,0.0,0,1,0.0,0,1,descriptive-only
confirmation,60,half,combined,fhs5,binary_panel,0.8139484126984127,41023,50400,0.45595238095238094,383,840,191.5,383,2,descriptive-only
confirmation,60,half,combined,fhs5,source,0.999239417989418,30217,30240,0.004761904761904762,1,210,2.0,2,1,descriptive-only
confirmation,60,half,combined,nch,binary_panel,0.9556977513227514,289003,302400,0.11904761904761904,5,42,50.0,50,1,descriptive-only
confirmation,60,half,combined,nch,source,0.9993716931216932,30221,30240,0.002380952380952381,1,420,1.0,1,1,descriptive-only
confirmation,60,half,distribution_shift,demand-aware,binary_panel,0.808395061728395,1637,2025,0.4722222222222222,17,36,85.0,85,1,descriptive-only
confirmation,60,half,distribution_shift,demand-aware,source,0.9982253086419753,12937,12960,0.011111111111111112,1,90,2.0,2,1,descriptive-only
confirmation,60,half,distribution_shift,fhs3,binary_panel,0.9072067901234568,58787,64800,0.2861111111111111,103,360,51.5,103,2,descriptive-only
confirmation,60,half,distribution_shift,fhs3,source,1.0,1,1,0.0,0,1,0.0,0,1,descriptive-only
confirmation,60,half,distribution_shift,fhs5,binary_panel,0.808395061728395,1637,2025,0.4722222222222222,17,36,85.0,85,1,descriptive-only
confirmation,60,half,distribution_shift,fhs5,source,0.9982253086419753,12937,12960,0.011111111111111112,1,90,2.0,2,1,descriptive-only
confirmation,60,half,distribution_shift,nch,binary_panel,0.9601929012345679,124441,129600,0.1111111111111111,1,9,20.0,20,1,descriptive-only
confirmation,60,half,distribution_shift,nch,source,0.998533950617284,12941,12960,0.005555555555555556,1,180,1.0,1,1,descriptive-only
confirmation,60,half,same_distribution,demand-aware,binary_panel,0.818113425925926,14137,17280,0.44375,71,160,106.5,213,2,descriptive-only
confirmation,60,half,same_distribution,demand-aware,source,1.0,1,1,0.0,0,1,0.0,0,1,descriptive-only
confirmation,60,half,same_distribution,fhs3,binary_panel,0.8698553240740741,150311,172800,0.32083333333333336,77,240,77.0,77,1,descriptive-only
confirmation,60,half,same_distribution,fhs3,source,1.0,1,1,0.0,0,1,0.0,0,1,descriptive-only
confirmation,60,half,same_distribution,fhs5,binary_panel,0.818113425925926,14137,17280,0.44375,71,160,106.5,213,2,descriptive-only
confirmation,60,half,same_distribution,fhs5,source,1.0,1,1,0.0,0,1,0.0,0,1,descriptive-only
confirmation,60,half,same_distribution,nch,binary_panel,0.9523263888888889,27427,28800,0.125,1,8,30.0,30,1,descriptive-only
confirmation,60,half,same_distribution,nch,source,1.0,1,1,0.0,0,1,0.0,0,1,descriptive-only
confirmation,120,full,combined,demand-aware,binary_panel,0.4545610119047619,61093,134400,0.8464285714285714,237,280,355.5,711,2,descriptive-only
confirmation,120,full,combined,demand-aware,source,0.9908333333333333,1189,1200,0.04285714285714286,3,70,18.0,18,1,descriptive-only
confirmation,120,full,combined,fhs3,binary_panel,0.550271164021164,83201,151200,0.7559523809523809,127,168,317.5,635,2,descriptive-only
confirmation,120,full,combined,fhs3,source,0.9589037698412698,38663,40320,0.14523809523809525,61,420,61.0,61,1,descriptive-only
confirmation,120,full,combined,fhs5,binary_panel,0.4545610119047619,61093,134400,0.8464285714285714,237,280,355.5,711,2,descriptive-only
confirmation,120,full,combined,fhs5,source,0.9907903439153439,59923,60480,0.04285714285714286,3,70,18.0,18,1,descriptive-only
confirmation,120,full,combined,nch,binary_panel,0.7011268187830688,848083,1209600,0.5892857142857143,33,56,247.5,495,2,descriptive-only
confirmation,120,full,combined,nch,source,0.9841815476190476,66137,67200,0.03333333333333333,1,30,14.0,14,1,descriptive-only
confirmation,120,full,distribution_shift,demand-aware,binary_panel,0.4464043209876543,28927,64800,0.8527777777777777,307,360,153.5,307,2,descriptive-only
confirmation,120,full,distribution_shift,demand-aware,source,0.995679012345679,1613,1620,0.027777777777777776,1,36,5.0,5,1,descriptive-only
confirmation,120,full,distribution_shift,fhs3,binary_panel,0.5749556327160494,298057,518400,0.7305555555555555,263,360,131.5,263,2,descriptive-only
confirmation,120,full,distribution_shift,fhs3,source,0.9638580246913581,31229,32400,0.12777777777777777,23,180,23.0,23,1,descriptive-only
confirmation,120,full,distribution_shift,fhs5,binary_panel,0.4464043209876543,28927,64800,0.8527777777777777,307,360,153.5,307,2,descriptive-only
confirmation,120,full,distribution_shift,fhs5,source,0.995679012345679,1613,1620,0.027777777777777776,1,36,5.0,5,1,descriptive-only
confirmation,120,full,distribution_shift,nch,binary_panel,0.7323051697530865,379627,518400,0.5611111111111111,101,180,101.0,101,1,descriptive-only
confirmation,120,full,distribution_shift,nch,source,0.9819560185185185,84841,86400,0.03333333333333333,1,30,6.0,6,1,descriptive-only
confirmation,120,full,same_distribution,demand-aware,binary_panel,0.4606785300925926,318421,691200,0.8416666666666667,101,120,202.0,202,1,descriptive-only
confirmation,120,full,same_distribution,demand-aware,source,0.987199074074074,42647,43200,0.05416666666666667,13,240,13.0,13,1,descriptive-only
confirmation,120,full,same_distribution,fhs3,binary_panel,0.5317578125,13613,25600,0.775,31,40,186.0,186,1,descriptive-only
confirmation,120,full,same_distribution,fhs3,source,0.9551880787037037,330113,345600,0.15833333333333333,19,120,38.0,38,1,descriptive-only
confirmation,120,full,same_distribution,fhs5,binary_panel,0.4606785300925926,318421,691200,0.8416666666666667,101,120,202.0,202,1,descriptive-only
confirmation,120,full,same_distribution,fhs5,source,0.9871238425925926,6823,6912,0.05416666666666667,13,240,13.0,13,1,descriptive-only
confirmation,120,full,same_distribution,nch,binary_panel,0.6777430555555556,19519,28800,0.6104166666666667,293,480,146.5,293,2,descriptive-only
confirmation,120,full,same_distribution,nch,source,0.9858506944444444,11357,11520,0.03333333333333333,1,30,8.0,8,1,descriptive-only
confirmation,120,half,combined,demand-aware,binary_panel,0.6716170634920635,67699,100800,0.6488095238095238,109,168,272.5,545,2,descriptive-only
confirmation,120,half,combined,demand-aware,source,0.9987268518518518,8629,8640,0.002380952380952381,1,420,1.0,1,1,descriptive-only
confirmation,120,half,combined,fhs3,binary_panel,0.7526008597883598,455173,604800,0.5011904761904762,421,840,210.5,421,2,descriptive-only
confirmation,120,half,combined,fhs3,source,0.993859126984127,100181,100800,0.01904761904761905,2,105,8.0,8,1,descriptive-only
confirmation,120,half,combined,fhs5,binary_panel,0.6716170634920635,67699,100800,0.6488095238095238,109,168,272.5,545,2,descriptive-only
confirmation,120,half,combined,fhs5,source,0.9987268518518518,8629,8640,0.002380952380952381,1,420,1.0,1,1,descriptive-only
confirmation,120,half,combined,nch,binary_panel,0.8647751322751323,65377,75600,0.32142857142857145,9,28,135.0,135,1,descriptive-only
confirmation,120,half,combined,nch,source,0.9914054232804232,299801,302400,0.011904761904761904,1,84,5.0,5,1,descriptive-only
confirmation,120,half,distribution_shift,demand-aware,binary_panel,0.6585378086419753,170693,259200,0.6555555555555556,59,90,118.0,118,1,descriptive-only
confirmation,120,half,distribution_shift,demand-aware,source,1.0,1,1,0.0,0,1,0.0,0,1,descriptive-only
confirmation,120,half,distribution_shift,fhs3,binary_panel,0.7766126543209877,100649,129600,0.46111111111111114,83,180,83.0,83,1,descriptive-only
confirmation,120,half,distribution_shift,fhs3,source,0.9921141975308642,64289,64800,0.016666666666666666,1,60,3.0,3,1,descriptive-only
confirmation,120,half,distribution_shift,fhs5,binary_panel,0.6585378086419753,170693,259200,0.6555555555555556,59,90,118.0,118,1,descriptive-only
confirmation,120,half,distribution_shift,fhs5,source,1.0,1,1,0.0,0,1,0.0,0,1,descriptive-only
confirmation,120,half,distribution_shift,nch,binary_panel,0.883082561728395,45779,51840,0.28055555555555556,101,360,50.5,101,2,descriptive-only
confirmation,120,half,distribution_shift,nch,source,0.9878317901234568,128023,129600,0.016666666666666666,1,60,3.0,3,1,descriptive-only
confirmation,120,half,same_distribution,demand-aware,binary_panel,0.6814265046296296,235501,345600,0.64375,103,160,154.5,309,2,descriptive-only
confirmation,120,half,same_distribution,demand-aware,source,0.9977719907407407,34483,34560,0.004166666666666667,1,240,1.0,1,1,descriptive-only
confirmation,120,half,same_distribution,fhs3,binary_panel,0.7345920138888888,3385,4608,0.53125,17,32,127.5,255,2,descriptive-only
confirmation,120,half,same_distribution,fhs3,source,0.9951678240740741,34393,34560,0.020833333333333332,1,48,5.0,5,1,descriptive-only
confirmation,120,half,same_distribution,fhs5,binary_panel,0.6814265046296296,235501,345600,0.64375,103,160,154.5,309,2,descriptive-only
confirmation,120,half,same_distribution,fhs5,source,0.9977719907407407,34483,34560,0.004166666666666667,1,240,1.0,1,1,descriptive-only
confirmation,120,half,same_distribution,nch,binary_panel,0.8510445601851852,294121,345600,0.35208333333333336,169,480,84.5,169,2,descriptive-only
confirmation,120,half,same_distribution,nch,source,0.9940856481481481,85889,86400,0.008333333333333333,1,120,2.0,2,1,descriptive-only
confirmation,240,full,combined,demand-aware,binary_panel,0.33862103174603175,34133,100800,0.9583333333333334,23,24,402.5,805,2,descriptive-only
confirmation,240,full,combined,demand-aware,source,0.982853835978836,59443,60480,0.05952380952380952,5,84,25.0,25,1,descriptive-only
confirmation,240,full,combined,fhs3,binary_panel,0.40598792989417987,491083,1209600,0.8904761904761904,187,210,374.0,374,1,descriptive-only
confirmation,240,full,combined,fhs3,source,0.9247594246031746,372863,403200,0.23333333333333334,7,30,98.0,98,1,descriptive-only
confirmation,240,full,combined,fhs5,binary_panel,0.33862103174603175,34133,100800,0.9583333333333334,23,24,402.5,805,2,descriptive-only
confirmation,240,full,combined,fhs5,source,0.982853835978836,59443,60480,0.05952380952380952,5,84,25.0,25,1,descriptive-only
confirmation,240,full,combined,nch,binary_panel,0.551260333994709,1333609,2419200,0.7166666666666667,43,60,301.0,301,1,descriptive-only
confirmation,240,full,combined,nch,source,0.994000496031746,400781,403200,0.023809523809523808,1,42,10.0,10,1,descriptive-only
confirmation,240,full,distribution_shift,demand-aware,binary_panel,0.3381442901234568,87647,259200,0.9666666666666667,29,30,174.0,174,1,descriptive-only
confirmation,240,full,distribution_shift,demand-aware,source,0.9778472222222222,14081,14400,0.06666666666666667,1,15,12.0,12,1,descriptive-only
confirmation,240,full,distribution_shift,fhs3,binary_panel,0.4036410108024691,83699,207360,0.8944444444444445,161,180,161.0,161,1,descriptive-only
confirmation,240,full,distribution_shift,fhs3,source,0.928070987654321,60139,64800,0.21666666666666667,13,60,39.0,39,1,descriptive-only
confirmation,240,full,distribution_shift,fhs5,binary_panel,0.3381442901234568,87647,259200,0.9666666666666667,29,30,174.0,174,1,descriptive-only
confirmation,240,full,distribution_shift,fhs5,source,0.9778472222222222,14081,14400,0.06666666666666667,1,15,12.0,12,1,descriptive-only
confirmation,240,full,distribution_shift,nch,binary_panel,0.5340837191358024,276869,518400,0.7277777777777777,131,180,131.0,131,1,descriptive-only
confirmation,240,full,distribution_shift,nch,source,0.9933333333333333,149,150,0.027777777777777776,1,36,5.0,5,1,descriptive-only
confirmation,240,full,same_distribution,demand-aware,binary_panel,0.338978587962963,117151,345600,0.9520833333333333,457,480,228.5,457,2,descriptive-only
confirmation,240,full,same_distribution,demand-aware,source,0.9866087962962963,85243,86400,0.05416666666666667,13,240,13.0,13,1,descriptive-only
confirmation,240,full,same_distribution,fhs3,binary_panel,0.40774811921296295,563671,1382400,0.8875,71,80,213.0,213,1,descriptive-only
confirmation,240,full,same_distribution,fhs3,source,0.9222757523148148,637477,691200,0.24583333333333332,59,240,59.0,59,1,descriptive-only
confirmation,240,full,same_distribution,fhs5,binary_panel,0.338978587962963,117151,345600,0.9520833333333333,457,480,228.5,457,2,descriptive-only
confirmation,240,full,same_distribution,fhs5,source,0.9866087962962963,85243,86400,0.05416666666666667,13,240,13.0,13,1,descriptive-only
confirmation,240,full,same_distribution,nch,binary_panel,0.5641427951388889,259957,460800,0.7083333333333334,17,24,170.0,170,1,descriptive-only
confirmation,240,full,same_distribution,nch,source,0.9945008680555556,229133,230400,0.020833333333333332,1,48,5.0,5,1,descriptive-only
confirmation,240,half,combined,demand-aware,binary_panel,0.5445924272486773,658739,1209600,0.7214285714285714,101,140,303.0,303,1,descriptive-only
confirmation,240,half,combined,demand-aware,source,0.9978968253968254,25147,25200,0.004761904761904762,1,210,2.0,2,1,descriptive-only
confirmation,240,half,combined,fhs3,binary_panel,0.600645667989418,726541,1209600,0.6595238095238095,277,420,277.0,277,1,descriptive-only
confirmation,240,half,combined,fhs3,source,0.9834375,3147,3200,0.05,1,20,21.0,21,1,descriptive-only
confirmation,240,half,combined,fhs5,binary_panel,0.5445924272486773,658739,1209600,0.7214285714285714,101,140,303.0,303,1,descriptive-only
confirmation,240,half,combined,fhs5,source,0.9978968253968254,25147,25200,0.004761904761904762,1,210,2.0,2,1,descriptive-only
confirmation,240,half,combined,nch,binary_panel,0.723010085978836,874553,1209600,0.5,1,2,210.0,210,1,descriptive-only
confirmation,240,half,combined,nch,source,0.9994510582010582,151117,151200,0.002380952380952381,1,420,1.0,1,1,descriptive-only
confirmation,240,half,distribution_shift,demand-aware,binary_panel,0.5340663580246914,13843,25920,0.7055555555555556,127,180,127.0,127,1,descriptive-only
confirmation,240,half,distribution_shift,demand-aware,source,0.9950925925925926,10747,10800,0.011111111111111112,1,90,2.0,2,1,descriptive-only
confirmation,240,half,distribution_shift,fhs3,binary_panel,0.5988290895061729,310433,518400,0.6833333333333333,41,60,123.0,123,1,descriptive-only
confirmation,240,half,distribution_shift,fhs3,source,0.9837307098765432,254983,259200,0.05,1,20,9.0,9,1,descriptive-only
confirmation,240,half,distribution_shift,fhs5,binary_panel,0.5340663580246914,13843,25920,0.7055555555555556,127,180,127.0,127,1,descriptive-only
confirmation,240,half,distribution_shift,fhs5,source,0.9950925925925926,10747,10800,0.011111111111111112,1,90,2.0,2,1,descriptive-only
confirmation,240,half,distribution_shift,nch,binary_panel,0.7052025462962963,121859,172800,0.5222222222222223,47,90,94.0,94,1,descriptive-only
confirmation,240,half,distribution_shift,nch,source,1.0,1,1,0.0,0,1,0.0,0,1,descriptive-only
confirmation,240,half,same_distribution,demand-aware,binary_panel,0.5524869791666667,42431,76800,0.7333333333333333,11,15,176.0,176,1,descriptive-only
confirmation,240,half,same_distribution,demand-aware,source,1.0,1,1,0.0,0,1,0.0,0,1,descriptive-only
confirmation,240,half,same_distribution,fhs3,binary_panel,0.6020081018518518,104027,172800,0.6416666666666667,77,120,154.0,154,1,descriptive-only
confirmation,240,half,same_distribution,fhs3,source,0.9832175925925926,1699,1728,0.05,1,20,12.0,12,1,descriptive-only
confirmation,240,half,same_distribution,fhs5,binary_panel,0.5524869791666667,42431,76800,0.7333333333333333,11,15,176.0,176,1,descriptive-only
confirmation,240,half,same_distribution,fhs5,source,1.0,1,1,0.0,0,1,0.0,0,1,descriptive-only
confirmation,240,half,same_distribution,nch,binary_panel,0.7363657407407408,31811,43200,0.48333333333333334,29,60,116.0,116,1,descriptive-only
confirmation,240,half,same_distribution,nch,source,0.9990393518518519,86317,86400,0.004166666666666667,1,240,1.0,1,1,descriptive-only
formal,30,full,combined,demand-aware,binary_panel,0.733561507936508,73943,100800,0.5726190476190476,481,840,240.5,481,2,descriptive-only
formal,30,full,combined,demand-aware,source,0.9958531746031746,50191,50400,0.01904761904761905,2,105,8.0,8,1,descriptive-only
formal,30,full,combined,fhs3,binary_panel,0.8426388888888889,6067,7200,0.38452380952380955,323,840,161.5,323,2,descriptive-only
formal,30,full,combined,fhs3,source,0.983042328042328,37159,37800,0.06666666666666667,1,15,28.0,28,1,descriptive-only
formal,30,full,combined,fhs5,binary_panel,0.733561507936508,73943,100800,0.5726190476190476,481,840,240.5,481,2,descriptive-only
formal,30,full,combined,fhs5,source,0.993994708994709,37573,37800,0.01904761904761905,2,105,8.0,8,1,descriptive-only
formal,30,full,combined,nch,binary_panel,0.8933465608465608,67537,75600,0.275,11,40,115.5,231,2,descriptive-only
formal,30,full,combined,nch,source,1.0,1,1,0.0,0,1,0.0,0,1,descriptive-only
formal,30,full,distribution_shift,demand-aware,binary_panel,0.734158950617284,95147,129600,0.6,3,5,108.0,108,1,descriptive-only
formal,30,full,distribution_shift,demand-aware,source,1.0,1,1,0.0,0,1,0.0,0,1,descriptive-only
formal,30,full,distribution_shift,fhs3,binary_panel,0.8494984567901235,22019,25920,0.3972222222222222,143,360,71.5,143,2,descriptive-only
formal,30,full,distribution_shift,fhs3,source,0.9854012345679012,31927,32400,0.07222222222222222,13,180,13.0,13,1,descriptive-only
formal,30,full,distribution_shift,fhs5,binary_panel,0.734158950617284,95147,129600,0.6,3,5,108.0,108,1,descriptive-only
formal,30,full,distribution_shift,fhs5,source,1.0,1,1,0.0,0,1,0.0,0,1,descriptive-only
formal,30,full,distribution_shift,nch,binary_panel,0.9005324074074074,38903,43200,0.2777777777777778,5,18,50.0,50,1,descriptive-only
formal,30,full,distribution_shift,nch,source,1.0,1,1,0.0,0,1,0.0,0,1,descriptive-only
formal,30,full,same_distribution,demand-aware,binary_panel,0.7331134259259259,63341,86400,0.5520833333333334,53,96,132.5,265,2,descriptive-only
formal,30,full,same_distribution,demand-aware,source,0.9927430555555555,28591,28800,0.03333333333333333,1,30,8.0,8,1,descriptive-only
formal,30,full,same_distribution,fhs3,binary_panel,0.837494212962963,144719,172800,0.375,3,8,90.0,90,1,descriptive-only
formal,30,full,same_distribution,fhs3,source,0.9812731481481481,42391,43200,0.0625,1,16,15.0,15,1,descriptive-only
formal,30,full,same_distribution,fhs5,binary_panel,0.7331134259259259,63341,86400,0.5520833333333334,53,96,132.5,265,2,descriptive-only
formal,30,full,same_distribution,fhs5,source,0.9894907407407407,21373,21600,0.03333333333333333,1,30,8.0,8,1,descriptive-only
formal,30,full,same_distribution,nch,binary_panel,0.8879571759259259,153439,172800,0.27291666666666664,131,480,65.5,131,2,descriptive-only
formal,30,full,same_distribution,nch,source,1.0,1,1,0.0,0,1,0.0,0,1,descriptive-only
formal,30,half,combined,demand-aware,binary_panel,0.9007936507936508,227,252,0.2714285714285714,19,70,114.0,114,1,descriptive-only
formal,30,half,combined,demand-aware,source,0.9998677248677249,7559,7560,0.002380952380952381,1,420,1.0,1,1,descriptive-only
formal,30,half,combined,fhs3,binary_panel,0.9503306878306879,14369,15120,0.1523809523809524,16,105,64.0,64,1,descriptive-only
formal,30,half,combined,fhs3,source,0.998478835978836,15097,15120,0.007142857142857143,1,140,3.0,3,1,descriptive-only
formal,30,half,combined,fhs5,binary_panel,0.9007936507936508,227,252,0.2714285714285714,19,70,114.0,114,1,descriptive-only
formal,30,half,combined,fhs5,source,0.9990740740740741,1079,1080,0.004761904761904762,1,210,2.0,2,1,descriptive-only
formal,30,half,combined,nch,binary_panel,0.96625,773,800,0.09166666666666666,11,120,38.5,77,2,descriptive-only
formal,30,half,combined,nch,source,1.0,1,1,0.0,0,1,0.0,0,1,descriptive-only
formal,30,half,distribution_shift,demand-aware,binary_panel,0.9149537037037037,19763,21600,0.2611111111111111,47,180,47.0,47,1,descriptive-only
formal,30,half,distribution_shift,demand-aware,source,1.0,1,1,0.0,0,1,0.0,0,1,descriptive-only
formal,30,half,distribution_shift,fhs3,binary_panel,0.959212962962963,20719,21600,0.125,1,8,22.5,45,2,descriptive-only
formal,30,half,distribution_shift,fhs3,source,1.0,1,1,0.0,0,1,0.0,0,1,descriptive-only
formal,30,half,distribution_shift,fhs5,binary_panel,0.9149537037037037,19763,21600,0.2611111111111111,47,180,47.0,47,1,descriptive-only
formal,30,half,distribution_shift,fhs5,source,1.0,1,1,0.0,0,1,0.0,0,1,descriptive-only
formal,30,half,distribution_shift,nch,binary_panel,0.9668055555555556,6961,7200,0.08611111111111111,31,360,15.5,31,2,descriptive-only
formal,30,half,distribution_shift,nch,source,1.0,1,1,0.0,0,1,0.0,0,1,descriptive-only
formal,30,half,same_distribution,demand-aware,binary_panel,0.8901736111111112,25637,28800,0.2791666666666667,67,240,67.0,67,1,descriptive-only
formal,30,half,same_distribution,demand-aware,source,0.9997685185185186,4319,4320,0.004166666666666667,1,240,1.0,1,1,descriptive-only
formal,30,half,same_distribution,fhs3,binary_panel,0.9436689814814815,81533,86400,0.17291666666666666,83,480,41.5,83,2,descriptive-only
formal,30,half,same_distribution,fhs3,source,0.997337962962963,8617,8640,0.0125,1,80,3.0,3,1,descriptive-only
formal,30,half,same_distribution,fhs5,binary_panel,0.8901736111111112,25637,28800,0.2791666666666667,67,240,67.0,67,1,descriptive-only
formal,30,half,same_distribution,fhs5,source,0.9983796296296297,4313,4320,0.008333333333333333,1,120,2.0,2,1,descriptive-only
formal,30,half,same_distribution,nch,binary_panel,0.9658333333333333,1159,1200,0.09583333333333334,23,240,23.0,23,1,descriptive-only
formal,30,half,same_distribution,nch,source,1.0,1,1,0.0,0,1,0.0,0,1,descriptive-only
formal,60,full,combined,demand-aware,binary_panel,0.6022602513227513,364247,604800,0.7130952380952381,599,840,299.5,599,2,descriptive-only
formal,60,full,combined,demand-aware,source,0.995760582010582,150559,151200,0.01904761904761905,2,105,8.0,8,1,descriptive-only
formal,60,full,combined,fhs3,binary_panel,0.7298296957671958,441401,604800,0.5452380952380952,229,420,229.0,229,1,descriptive-only
formal,60,full,combined,fhs3,source,0.9765707671957672,59063,60480,0.11428571428571428,4,35,48.0,48,1,descriptive-only
formal,60,full,combined,fhs5,binary_panel,0.6022602513227513,364247,604800,0.7130952380952381,599,840,299.5,599,2,descriptive-only
formal,60,full,combined,fhs5,source,0.9956746031746032,25091,25200,0.02142857142857143,3,140,9.0,9,1,descriptive-only
formal,60,full,combined,nch,binary_panel,0.806385582010582,243851,302400,0.42142857142857143,59,140,177.0,177,1,descriptive-only
formal,60,full,combined,nch,source,0.9998544973544974,75589,75600,0.002380952380952381,1,420,1.0,1,1,descriptive-only
formal,60,full,distribution_shift,demand-aware,binary_panel,0.5816936728395061,6031,10368,0.7472222222222222,269,360,134.5,269,2,descriptive-only
formal,60,full,distribution_shift,demand-aware,source,1.0,1,1,0.0,0,1,0.0,0,1,descriptive-only
formal,60,full,distribution_shift,fhs3,binary_panel,0.7134645061728395,18493,25920,0.5944444444444444,107,180,107.0,107,1,descriptive-only
formal,60,full,distribution_shift,fhs3,source,0.9802546296296296,42347,43200,0.12222222222222222,11,90,22.0,22,1,descriptive-only
formal,60,full,distribution_shift,fhs5,binary_panel,0.5816936728395061,6031,10368,0.7472222222222222,269,360,134.5,269,2,descriptive-only
formal,60,full,distribution_shift,fhs5,source,0.9998070987654321,5183,5184,0.005555555555555556,1,180,1.0,1,1,descriptive-only
formal,60,full,distribution_shift,nch,binary_panel,0.7968711419753086,206549,259200,0.4527777777777778,163,360,81.5,163,2,descriptive-only
formal,60,full,distribution_shift,nch,source,1.0,1,1,0.0,0,1,0.0,0,1,descriptive-only
formal,60,full,same_distribution,demand-aware,binary_panel,0.6176851851851852,6671,10800,0.6875,11,16,165.0,165,1,descriptive-only
formal,60,full,same_distribution,demand-aware,source,0.9925810185185185,85759,86400,0.03333333333333333,1,30,8.0,8,1,descriptive-only
formal,60,full,same_distribution,fhs3,binary_panel,0.7421035879629629,256471,345600,0.5083333333333333,61,120,122.0,122,1,descriptive-only
formal,60,full,same_distribution,fhs3,source,0.9738078703703704,84137,86400,0.10833333333333334,13,120,26.0,26,1,descriptive-only
formal,60,full,same_distribution,fhs5,binary_panel,0.6176851851851852,6671,10800,0.6875,11,16,165.0,165,1,descriptive-only
formal,60,full,same_distribution,fhs5,source,0.9925752314814815,171517,172800,0.03333333333333333,1,30,8.0,8,1,descriptive-only
formal,60,full,same_distribution,nch,binary_panel,0.813521412037037,281153,345600,0.39791666666666664,191,480,95.5,191,2,descriptive-only
formal,60,full,same_distribution,nch,source,0.9997453703703704,43189,43200,0.004166666666666667,1,240,1.0,1,1,descriptive-only
formal,60,half,combined,demand-aware,binary_panel,0.8017261904761904,13469,16800,0.44166666666666665,53,120,185.5,371,2,descriptive-only
formal,60,half,combined,demand-aware,source,0.9981018518518519,21559,21600,0.002380952380952381,1,420,1.0,1,1,descriptive-only
formal,60,half,combined,fhs3,binary_panel,0.8886011904761905,29857,33600,0.28214285714285714,79,280,118.5,237,2,descriptive-only
formal,60,half,combined,fhs3,source,0.9975595238095238,16759,16800,0.009523809523809525,1,105,4.0,4,1,descriptive-only
formal,60,half,combined,fhs5,binary_panel,0.8017261904761904,13469,16800,0.44166666666666665,53,120,185.5,371,2,descriptive-only
formal,60,half,combined,fhs5,source,0.9981018518518519,21559,21600,0.002380952380952381,1,420,1.0,1,1,descriptive-only
formal,60,half,combined,nch,binary_panel,0.9261838624338624,140039,151200,0.16547619047619047,139,840,69.5,139,2,descriptive-only
formal,60,half,combined,nch,source,1.0,1,1,0.0,0,1,0.0,0,1,descriptive-only
formal,60,half,distribution_shift,demand-aware,binary_panel,0.7967824074074074,34421,43200,0.4861111111111111,35,72,87.5,175,2,descriptive-only
formal,60,half,distribution_shift,demand-aware,source,1.0,1,1,0.0,0,1,0.0,0,1,descriptive-only
formal,60,half,distribution_shift,fhs3,binary_panel,0.8918364197530865,57791,64800,0.3055555555555556,11,36,55.0,55,1,descriptive-only
formal,60,half,distribution_shift,fhs3,source,0.9996450617283951,64777,64800,0.011111111111111112,1,90,2.0,2,1,descriptive-only
formal,60,half,distribution_shift,fhs5,binary_panel,0.7967824074074074,34421,43200,0.4861111111111111,35,72,87.5,175,2,descriptive-only
formal,60,half,distribution_shift,fhs5,source,1.0,1,1,0.0,0,1,0.0,0,1,descriptive-only
formal,60,half,distribution_shift,nch,binary_panel,0.9235339506172839,11969,12960,0.17777777777777778,8,45,32.0,32,1,descriptive-only
formal,60,half,distribution_shift,nch,source,1.0,1,1,0.0,0,1,0.0,0,1,descriptive-only
formal,60,half,same_distribution,demand-aware,binary_panel,0.8054340277777777,46393,57600,0.4083333333333333,49,120,98.0,98,1,descriptive-only
formal,60,half,same_distribution,demand-aware,source,0.9966782407407407,86113,86400,0.004166666666666667,1,240,1.0,1,1,descriptive-only
formal,60,half,same_distribution,fhs3,binary_panel,0.8861747685185185,153131,172800,0.26458333333333334,127,480,63.5,127,2,descriptive-only
formal,60,half,same_distribution,fhs3,source,0.9959953703703703,43027,43200,0.008333333333333333,1,120,2.0,2,1,descriptive-only
formal,60,half,same_distribution,fhs5,binary_panel,0.8054340277777777,46393,57600,0.4083333333333333,49,120,98.0,98,1,descriptive-only
formal,60,half,same_distribution,fhs5,source,0.9966782407407407,86113,86400,0.004166666666666667,1,240,1.0,1,1,descriptive-only
formal,60,half,same_distribution,nch,binary_panel,0.9281712962962962,40097,43200,0.15625,5,32,37.5,75,2,descriptive-only
formal,60,half,same_distribution,nch,source,1.0,1,1,0.0,0,1,0.0,0,1,descriptive-only
formal,120,full,combined,demand-aware,binary_panel,0.47582671957671957,14389,30240,0.8261904761904761,347,420,347.0,347,1,descriptive-only
formal,120,full,combined,demand-aware,source,0.9866236772486773,59671,60480,0.04523809523809524,19,420,19.0,19,1,descriptive-only
formal,120,full,combined,fhs3,binary_panel,0.5595601851851851,24173,43200,0.763095238095238,641,840,320.5,641,2,descriptive-only
formal,120,full,combined,fhs3,source,0.9645767195767195,36461,37800,0.14523809523809525,61,420,61.0,61,1,descriptive-only
formal,120,full,combined,fhs5,binary_panel,0.47582671957671957,14389,30240,0.8261904761904761,347,420,347.0,347,1,descriptive-only
formal,120,full,combined,fhs5,source,0.9867080026455026,596761,604800,0.04523809523809524,19,420,19.0,19,1,descriptive-only
formal,120,full,combined,nch,binary_panel,0.6706084656084657,25349,37800,0.6416666666666667,77,120,269.5,539,2,descriptive-only
formal,120,full,combined,nch,source,0.9903125,3169,3200,0.016666666666666666,1,60,7.0,7,1,descriptive-only
formal,120,full,distribution_shift,demand-aware,binary_panel,0.46778935185185183,40417,86400,0.8388888888888889,151,180,151.0,151,1,descriptive-only
formal,120,full,distribution_shift,demand-aware,source,0.9768402777777778,28133,28800,0.05,1,20,9.0,9,1,descriptive-only
formal,120,full,distribution_shift,fhs3,binary_panel,0.5544039351851852,95801,172800,0.7666666666666667,23,30,138.0,138,1,descriptive-only
formal,120,full,distribution_shift,fhs3,source,0.9741666666666666,1169,1200,0.13333333333333333,2,15,24.0,24,1,descriptive-only
formal,120,full,distribution_shift,fhs5,binary_panel,0.46778935185185183,40417,86400,0.8388888888888889,151,180,151.0,151,1,descriptive-only
formal,120,full,distribution_shift,fhs5,source,0.9767515432098766,126587,129600,0.05555555555555555,1,18,10.0,10,1,descriptive-only
formal,120,full,distribution_shift,nch,binary_panel,0.6528260030864198,13537,20736,0.6472222222222223,233,360,116.5,233,2,descriptive-only
formal,120,full,distribution_shift,nch,source,0.9936111111111111,3577,3600,0.011111111111111112,1,90,2.0,2,1,descriptive-only
formal,120,full,same_distribution,demand-aware,binary_panel,0.4818547453703704,166529,345600,0.8166666666666667,49,60,196.0,196,1,descriptive-only
formal,120,full,same_distribution,demand-aware,source,0.9939612268518518,343513,345600,0.041666666666666664,1,24,10.0,10,1,descriptive-only
formal,120,full,same_distribution,fhs3,binary_panel,0.5634273726851852,389441,691200,0.7604166666666666,73,96,182.5,365,2,descriptive-only
formal,120,full,same_distribution,fhs3,source,0.9573842592592593,41359,43200,0.15416666666666667,37,240,37.0,37,1,descriptive-only
formal,120,full,same_distribution,fhs5,binary_panel,0.4818547453703704,166529,345600,0.8166666666666667,49,60,196.0,196,1,descriptive-only
formal,120,full,same_distribution,fhs5,source,0.9941753472222222,114529,115200,0.0375,3,80,9.0,9,1,descriptive-only
formal,120,full,same_distribution,nch,binary_panel,0.6839453125,17509,25600,0.6375,51,80,153.0,153,1,descriptive-only
formal,120,full,same_distribution,nch,source,0.9878385416666666,37933,38400,0.020833333333333332,1,48,5.0,5,1,descriptive-only
formal,120,half,combined,demand-aware,binary_panel,0.6717294973544974,203131,302400,0.5916666666666667,71,120,248.5,497,2,descriptive-only
formal,120,half,combined,demand-aware,source,0.9974537037037037,4309,4320,0.009523809523809525,1,105,4.0,4,1,descriptive-only
formal,120,half,combined,fhs3,binary_panel,0.7678224206349207,154793,201600,0.4869047619047619,409,840,204.5,409,2,descriptive-only
formal,120,half,combined,fhs3,source,0.9932440476190476,33373,33600,0.01904761904761905,2,105,8.0,8,1,descriptive-only
formal,120,half,combined,fhs5,binary_panel,0.6717294973544974,203131,302400,0.5916666666666667,71,120,248.5,497,2,descriptive-only
formal,120,half,combined,fhs5,source,0.9974537037037037,4309,4320,0.009523809523809525,1,105,4.0,4,1,descriptive-only
formal,120,half,combined,nch,binary_panel,0.8510863095238095,57193,67200,0.3333333333333333,1,3,140.0,140,1,descriptive-only
formal,120,half,combined,nch,source,0.993015873015873,1564,1575,0.009523809523809525,1,105,4.0,4,1,descriptive-only
formal,120,half,distribution_shift,demand-aware,binary_panel,0.6783371913580247,7033,10368,0.5861111111111111,211,360,105.5,211,2,descriptive-only
formal,120,half,distribution_shift,demand-aware,source,0.9940586419753087,12883,12960,0.022222222222222223,1,45,4.0,4,1,descriptive-only
formal,120,half,distribution_shift,fhs3,binary_panel,0.7768094135802469,201349,259200,0.48333333333333334,29,60,87.0,87,1,descriptive-only
formal,120,half,distribution_shift,fhs3,source,0.9985108024691358,129407,129600,0.005555555555555556,1,180,1.0,1,1,descriptive-only
formal,120,half,distribution_shift,fhs5,binary_panel,0.6783371913580247,7033,10368,0.5861111111111111,211,360,105.5,211,2,descriptive-only
formal,120,half,distribution_shift,fhs5,source,0.9940586419753087,12883,12960,0.022222222222222223,1,45,4.0,4,1,descriptive-only
formal,120,half,distribution_shift,nch,binary_panel,0.8465354938271605,109711,129600,0.35555555555555557,16,45,64.0,64,1,descriptive-only
formal,120,half,distribution_shift,nch,source,0.9953780864197531,129001,129600,0.005555555555555556,1,180,1.0,1,1,descriptive-only
formal,120,half,same_distribution,demand-aware,binary_panel,0.6667737268518519,230437,345600,0.5958333333333333,143,240,143.0,143,1,descriptive-only
formal,120,half,same_distribution,demand-aware,source,1.0,1,1,0.0,0,1,0.0,0,1,descriptive-only
formal,120,half,same_distribution,fhs3,binary_panel,0.761082175925926,26303,34560,0.4895833333333333,47,96,117.5,235,2,descriptive-only
formal,120,half,same_distribution,fhs3,source,0.9892939814814815,3419,3456,0.029166666666666667,7,240,7.0,7,1,descriptive-only
formal,120,half,same_distribution,fhs5,binary_panel,0.6667737268518519,230437,345600,0.5958333333333333,143,240,143.0,143,1,descriptive-only
formal,120,half,same_distribution,fhs5,source,1.0,1,1,0.0,0,1,0.0,0,1,descriptive-only
formal,120,half,same_distribution,nch,binary_panel,0.8544994212962963,59063,69120,0.31666666666666665,19,60,76.0,76,1,descriptive-only
formal,120,half,same_distribution,nch,source,0.991244212962963,171287,172800,0.0125,1,80,3.0,3,1,descriptive-only
formal,240,full,combined,demand-aware,binary_panel,0.34657448743386243,838433,2419200,0.9583333333333334,23,24,402.5,805,2,descriptive-only
formal,240,full,combined,demand-aware,source,0.9855332341269841,397367,403200,0.03571428571428571,1,28,15.0,15,1,descriptive-only
formal,240,full,combined,fhs3,binary_panel,0.4017799272486772,485993,1209600,0.8964285714285715,251,280,376.5,753,2,descriptive-only
formal,240,full,combined,fhs3,source,0.940869708994709,284519,302400,0.21666666666666667,13,60,91.0,91,1,descriptive-only
formal,240,full,combined,fhs5,binary_panel,0.34657448743386243,838433,2419200,0.9583333333333334,23,24,402.5,805,2,descriptive-only
formal,240,full,combined,fhs5,source,0.9855332341269841,397367,403200,0.03571428571428571,1,28,15.0,15,1,descriptive-only
formal,240,full,combined,nch,binary_panel,0.5392683531746032,217433,403200,0.7297619047619047,613,840,306.5,613,2,descriptive-only
formal,240,full,combined,nch,source,0.9881828703703703,85379,86400,0.03571428571428571,1,28,15.0,15,1,descriptive-only
formal,240,full,distribution_shift,demand-aware,binary_panel,0.3304253472222222,7613,23040,0.9583333333333334,23,24,172.5,345,2,descriptive-only
formal,240,full,distribution_shift,demand-aware,source,0.9904436728395062,256723,259200,0.022222222222222223,1,45,4.0,4,1,descriptive-only
formal,240,full,distribution_shift,fhs3,binary_panel,0.41338734567901236,2143,5184,0.8833333333333333,53,60,159.0,159,1,descriptive-only
formal,240,full,distribution_shift,fhs3,source,0.9569174382716049,248033,259200,0.15555555555555556,7,45,28.0,28,1,descriptive-only
formal,240,full,distribution_shift,fhs5,binary_panel,0.3304253472222222,7613,23040,0.9583333333333334,23,24,172.5,345,2,descriptive-only
formal,240,full,distribution_shift,fhs5,source,0.9904436728395062,256723,259200,0.022222222222222223,1,45,4.0,4,1,descriptive-only
formal,240,full,distribution_shift,nch,binary_panel,0.536658950617284,69551,129600,0.7222222222222222,13,18,130.0,130,1,descriptive-only
formal,240,full,distribution_shift,nch,source,0.9919097222222222,28567,28800,0.03333333333333333,1,30,6.0,6,1,descriptive-only
formal,240,full,same_distribution,demand-aware,binary_panel,0.3586863425925926,61981,172800,0.9583333333333334,23,24,230.0,230,1,descriptive-only
formal,240,full,same_distribution,demand-aware,source,0.9818504050925926,135731,138240,0.04583333333333333,11,240,11.0,11,1,descriptive-only
formal,240,full,same_distribution,fhs3,binary_panel,0.39307436342592594,271693,691200,0.90625,29,32,217.5,435,2,descriptive-only
formal,240,full,same_distribution,fhs3,source,0.928833912037037,64201,69120,0.2625,21,80,63.0,63,1,descriptive-only
formal,240,full,same_distribution,fhs5,binary_panel,0.3586863425925926,61981,172800,0.9583333333333334,23,24,230.0,230,1,descriptive-only
formal,240,full,same_distribution,fhs5,source,0.9818504050925926,135731,138240,0.04583333333333333,11,240,11.0,11,1,descriptive-only
formal,240,full,same_distribution,nch,binary_panel,0.5412254050925925,74819,138240,0.7354166666666667,353,480,176.5,353,2,descriptive-only
formal,240,full,same_distribution,nch,source,0.9853877314814815,6811,6912,0.0375,3,80,9.0,9,1,descriptive-only
formal,240,half,combined,demand-aware,binary_panel,0.5611631944444444,32323,57600,0.7428571428571429,26,35,312.0,312,1,descriptive-only
formal,240,half,combined,demand-aware,source,0.9962318121693121,602521,604800,0.011904761904761904,1,84,5.0,5,1,descriptive-only
formal,240,half,combined,fhs3,binary_panel,0.6041856812169312,730823,1209600,0.675,27,40,283.5,567,2,descriptive-only
formal,240,half,combined,fhs3,source,0.9861541005291006,298213,302400,0.04047619047619048,17,420,17.0,17,1,descriptive-only
formal,240,half,combined,fhs5,binary_panel,0.5611631944444444,32323,57600,0.7428571428571429,26,35,312.0,312,1,descriptive-only
formal,240,half,combined,fhs5,source,0.9962318121693121,602521,604800,0.011904761904761904,1,84,5.0,5,1,descriptive-only
formal,240,half,combined,nch,binary_panel,0.7087714947089947,85733,120960,0.4976190476190476,209,420,209.0,209,1,descriptive-only
formal,240,half,combined,nch,source,0.9969659391534391,120593,120960,0.007142857142857143,1,140,3.0,3,1,descriptive-only
formal,240,half,distribution_shift,demand-aware,binary_panel,0.5525096450617284,286421,518400,0.7722222222222223,139,180,139.0,139,1,descriptive-only
formal,240,half,distribution_shift,demand-aware,source,0.9961612654320988,51641,51840,0.011111111111111112,1,90,2.0,2,1,descriptive-only
formal,240,half,distribution_shift,fhs3,binary_panel,0.615246913580247,9967,16200,0.6666666666666666,2,3,120.0,120,1,descriptive-only
formal,240,half,distribution_shift,fhs3,source,0.9868016975308642,255779,259200,0.03333333333333333,1,30,6.0,6,1,descriptive-only
formal,240,half,distribution_shift,fhs5,binary_panel,0.5525096450617284,286421,518400,0.7722222222222223,139,180,139.0,139,1,descriptive-only
formal,240,half,distribution_shift,fhs5,source,0.9961612654320988,51641,51840,0.011111111111111112,1,90,2.0,2,1,descriptive-only
formal,240,half,distribution_shift,nch,binary_panel,0.7047106481481481,60887,86400,0.5111111111111111,23,45,92.0,92,1,descriptive-only
formal,240,half,distribution_shift,nch,source,1.0,1,1,0.0,0,1,0.0,0,1,descriptive-only
formal,240,half,same_distribution,demand-aware,binary_panel,0.5676533564814815,196181,345600,0.7208333333333333,173,240,173.0,173,1,descriptive-only
formal,240,half,same_distribution,demand-aware,source,0.9962847222222222,28693,28800,0.0125,1,80,3.0,3,1,descriptive-only
formal,240,half,same_distribution,fhs3,binary_panel,0.5958897569444445,137293,230400,0.68125,109,160,163.5,327,2,descriptive-only
formal,240,half,same_distribution,fhs3,source,0.9856684027777778,113549,115200,0.04583333333333333,11,240,11.0,11,1,descriptive-only
formal,240,half,same_distribution,fhs5,binary_panel,0.5676533564814815,196181,345600,0.7208333333333333,173,240,173.0,173,1,descriptive-only
formal,240,half,same_distribution,fhs5,source,0.9962847222222222,28693,28800,0.0125,1,80,3.0,3,1,descriptive-only
formal,240,half,same_distribution,nch,binary_panel,0.7118171296296296,61501,86400,0.4875,39,80,117.0,117,1,descriptive-only
formal,240,half,same_distribution,nch,source,0.9946903935185185,68753,69120,0.0125,1,80,3.0,3,1,descriptive-only
