phase,node_count,family,role,category,weighted_trace_count_numerator,weighted_trace_count_denominator,weighted_trace_count,weighted_trace_fraction
formal,30,demand-aware,source,before-half,1,1,1.0,0.002380952380952381
formal,30,demand-aware,source,at-half,0,1,0.0,0.0
formal,30,demand-aware,source,after-half-through-full,7,1,7.0,0.016666666666666666
formal,30,demand-aware,source,original-administrative-censor,412,1,412.0,0.9809523809523809
formal,30,demand-aware,binary_panel,before-half,113,1,113.0,0.26904761904761904
formal,30,demand-aware,binary_panel,at-half,1,1,1.0,0.002380952380952381
formal,30,demand-aware,binary_panel,after-half-through-full,253,2,126.5,0.3011904761904762
formal,30,demand-aware,binary_panel,original-administrative-censor,359,2,179.5,0.42738095238095236
formal,30,fhs3,source,before-half,3,1,3.0,0.007142857142857143
formal,30,fhs3,source,at-half,0,1,0.0,0.0
formal,30,fhs3,source,after-half-through-full,25,1,25.0,0.05952380952380952
formal,30,fhs3,source,original-administrative-censor,392,1,392.0,0.9333333333333333
formal,30,fhs3,binary_panel,before-half,63,1,63.0,0.15
formal,30,fhs3,binary_panel,at-half,1,1,1.0,0.002380952380952381
formal,30,fhs3,binary_panel,after-half-through-full,195,2,97.5,0.23214285714285715
formal,30,fhs3,binary_panel,original-administrative-censor,517,2,258.5,0.6154761904761905
formal,30,fhs5,source,before-half,2,1,2.0,0.004761904761904762
formal,30,fhs5,source,at-half,0,1,0.0,0.0
formal,30,fhs5,source,after-half-through-full,6,1,6.0,0.014285714285714285
formal,30,fhs5,source,original-administrative-censor,412,1,412.0,0.9809523809523809
formal,30,fhs5,binary_panel,before-half,113,1,113.0,0.26904761904761904
formal,30,fhs5,binary_panel,at-half,1,1,1.0,0.002380952380952381
formal,30,fhs5,binary_panel,after-half-through-full,253,2,126.5,0.3011904761904762
formal,30,fhs5,binary_panel,original-administrative-censor,359,2,179.5,0.42738095238095236
formal,30,nch,source,before-half,0,1,0.0,0.0
formal,30,nch,source,at-half,0,1,0.0,0.0
formal,30,nch,source,after-half-through-full,0,1,0.0,0.0
formal,30,nch,source,original-administrative-censor,420,1,420.0,1.0
formal,30,nch,binary_panel,before-half,75,2,37.5,0.08928571428571429
formal,30,nch,binary_panel,at-half,1,1,1.0,0.002380952380952381
formal,30,nch,binary_panel,after-half-through-full,77,1,77.0,0.18333333333333332
formal,30,nch,binary_panel,original-administrative-censor,609,2,304.5,0.725
formal,60,demand-aware,source,before-half,1,1,1.0,0.002380952380952381
formal,60,demand-aware,source,at-half,0,1,0.0,0.0
formal,60,demand-aware,source,after-half-through-full,7,1,7.0,0.016666666666666666
formal,60,demand-aware,source,original-administrative-censor,412,1,412.0,0.9809523809523809
formal,60,demand-aware,binary_panel,before-half,369,2,184.5,0.4392857142857143
formal,60,demand-aware,binary_panel,at-half,1,1,1.0,0.002380952380952381
formal,60,demand-aware,binary_panel,after-half-through-full,114,1,114.0,0.2714285714285714
formal,60,demand-aware,binary_panel,original-administrative-censor,241,2,120.5,0.2869047619047619
formal,60,fhs3,source,before-half,4,1,4.0,0.009523809523809525
formal,60,fhs3,source,at-half,0,1,0.0,0.0
formal,60,fhs3,source,after-half-through-full,44,1,44.0,0.10476190476190476
formal,60,fhs3,source,original-administrative-censor,372,1,372.0,0.8857142857142857
formal,60,fhs3,binary_panel,before-half,237,2,118.5,0.28214285714285714
formal,60,fhs3,binary_panel,at-half,0,1,0.0,0.0
formal,60,fhs3,binary_panel,after-half-through-full,221,2,110.5,0.2630952380952381
formal,60,fhs3,binary_panel,original-administrative-censor,191,1,191.0,0.45476190476190476
formal,60,fhs5,source,before-half,1,1,1.0,0.002380952380952381
formal,60,fhs5,source,at-half,0,1,0.0,0.0
formal,60,fhs5,source,after-half-through-full,8,1,8.0,0.01904761904761905
formal,60,fhs5,source,original-administrative-censor,411,1,411.0,0.9785714285714285
formal,60,fhs5,binary_panel,before-half,369,2,184.5,0.4392857142857143
formal,60,fhs5,binary_panel,at-half,1,1,1.0,0.002380952380952381
formal,60,fhs5,binary_panel,after-half-through-full,114,1,114.0,0.2714285714285714
formal,60,fhs5,binary_panel,original-administrative-censor,241,2,120.5,0.2869047619047619
formal,60,nch,source,before-half,0,1,0.0,0.0
formal,60,nch,source,at-half,0,1,0.0,0.0
formal,60,nch,source,after-half-through-full,1,1,1.0,0.002380952380952381
formal,60,nch,source,original-administrative-censor,419,1,419.0,0.9976190476190476
formal,60,nch,binary_panel,before-half,139,2,69.5,0.16547619047619047
formal,60,nch,binary_panel,at-half,0,1,0.0,0.0
formal,60,nch,binary_panel,after-half-through-full,215,2,107.5,0.25595238095238093
formal,60,nch,binary_panel,original-administrative-censor,243,1,243.0,0.5785714285714286
formal,120,demand-aware,source,before-half,4,1,4.0,0.009523809523809525
formal,120,demand-aware,source,at-half,0,1,0.0,0.0
formal,120,demand-aware,source,after-half-through-full,15,1,15.0,0.03571428571428571
formal,120,demand-aware,source,original-administrative-censor,401,1,401.0,0.9547619047619048
formal,120,demand-aware,binary_panel,before-half,497,2,248.5,0.5916666666666667
formal,120,demand-aware,binary_panel,at-half,0,1,0.0,0.0
formal,120,demand-aware,binary_panel,after-half-through-full,197,2,98.5,0.23452380952380952
formal,120,demand-aware,binary_panel,original-administrative-censor,73,1,73.0,0.1738095238095238
formal,120,fhs3,source,before-half,8,1,8.0,0.01904761904761905
formal,120,fhs3,source,at-half,0,1,0.0,0.0
formal,120,fhs3,source,after-half-through-full,53,1,53.0,0.1261904761904762
formal,120,fhs3,source,original-administrative-censor,359,1,359.0,0.8547619047619047
formal,120,fhs3,binary_panel,before-half,407,2,203.5,0.4845238095238095
formal,120,fhs3,binary_panel,at-half,1,1,1.0,0.002380952380952381
formal,120,fhs3,binary_panel,after-half-through-full,116,1,116.0,0.2761904761904762
formal,120,fhs3,binary_panel,original-administrative-censor,199,2,99.5,0.2369047619047619
formal,120,fhs5,source,before-half,4,1,4.0,0.009523809523809525
formal,120,fhs5,source,at-half,0,1,0.0,0.0
formal,120,fhs5,source,after-half-through-full,15,1,15.0,0.03571428571428571
formal,120,fhs5,source,original-administrative-censor,401,1,401.0,0.9547619047619048
formal,120,fhs5,binary_panel,before-half,497,2,248.5,0.5916666666666667
formal,120,fhs5,binary_panel,at-half,0,1,0.0,0.0
formal,120,fhs5,binary_panel,after-half-through-full,197,2,98.5,0.23452380952380952
formal,120,fhs5,binary_panel,original-administrative-censor,73,1,73.0,0.1738095238095238
formal,120,nch,source,before-half,4,1,4.0,0.009523809523809525
formal,120,nch,source,at-half,0,1,0.0,0.0
formal,120,nch,source,after-half-through-full,3,1,3.0,0.007142857142857143
formal,120,nch,source,original-administrative-censor,413,1,413.0,0.9833333333333333
formal,120,nch,binary_panel,before-half,140,1,140.0,0.3333333333333333
formal,120,nch,binary_panel,at-half,0,1,0.0,0.0
formal,120,nch,binary_panel,after-half-through-full,259,2,129.5,0.30833333333333335
formal,120,nch,binary_panel,original-administrative-censor,301,2,150.5,0.35833333333333334
formal,240,demand-aware,source,before-half,5,1,5.0,0.011904761904761904
formal,240,demand-aware,source,at-half,0,1,0.0,0.0
formal,240,demand-aware,source,after-half-through-full,10,1,10.0,0.023809523809523808
formal,240,demand-aware,source,original-administrative-censor,405,1,405.0,0.9642857142857143
formal,240,demand-aware,binary_panel,before-half,312,1,312.0,0.7428571428571429
formal,240,demand-aware,binary_panel,at-half,0,1,0.0,0.0
formal,240,demand-aware,binary_panel,after-half-through-full,181,2,90.5,0.2154761904761905
formal,240,demand-aware,binary_panel,original-administrative-censor,35,2,17.5,0.041666666666666664
formal,240,fhs3,source,before-half,17,1,17.0,0.04047619047619048
formal,240,fhs3,source,at-half,0,1,0.0,0.0
formal,240,fhs3,source,after-half-through-full,74,1,74.0,0.1761904761904762
formal,240,fhs3,source,original-administrative-censor,329,1,329.0,0.7833333333333333
formal,240,fhs3,binary_panel,before-half,567,2,283.5,0.675
formal,240,fhs3,binary_panel,at-half,0,1,0.0,0.0
formal,240,fhs3,binary_panel,after-half-through-full,93,1,93.0,0.22142857142857142
formal,240,fhs3,binary_panel,original-administrative-censor,87,2,43.5,0.10357142857142858
formal,240,fhs5,source,before-half,5,1,5.0,0.011904761904761904
formal,240,fhs5,source,at-half,0,1,0.0,0.0
formal,240,fhs5,source,after-half-through-full,10,1,10.0,0.023809523809523808
formal,240,fhs5,source,original-administrative-censor,405,1,405.0,0.9642857142857143
formal,240,fhs5,binary_panel,before-half,312,1,312.0,0.7428571428571429
formal,240,fhs5,binary_panel,at-half,0,1,0.0,0.0
formal,240,fhs5,binary_panel,after-half-through-full,181,2,90.5,0.2154761904761905
formal,240,fhs5,binary_panel,original-administrative-censor,35,2,17.5,0.041666666666666664
formal,240,nch,source,before-half,3,1,3.0,0.007142857142857143
formal,240,nch,source,at-half,0,1,0.0,0.0
formal,240,nch,source,after-half-through-full,12,1,12.0,0.02857142857142857
formal,240,nch,source,original-administrative-censor,405,1,405.0,0.9642857142857143
formal,240,nch,binary_panel,before-half,209,1,209.0,0.4976190476190476
formal,240,nch,binary_panel,at-half,0,1,0.0,0.0
formal,240,nch,binary_panel,after-half-through-full,195,2,97.5,0.23214285714285715
formal,240,nch,binary_panel,original-administrative-censor,227,2,113.5,0.2702380952380952
confirmation,30,demand-aware,source,before-half,1,1,1.0,0.002380952380952381
confirmation,30,demand-aware,source,at-half,0,1,0.0,0.0
confirmation,30,demand-aware,source,after-half-through-full,5,1,5.0,0.011904761904761904
confirmation,30,demand-aware,source,original-administrative-censor,414,1,414.0,0.9857142857142858
confirmation,30,demand-aware,binary_panel,before-half,133,1,133.0,0.31666666666666665
confirmation,30,demand-aware,binary_panel,at-half,2,1,2.0,0.004761904761904762
confirmation,30,demand-aware,binary_panel,after-half-through-full,123,1,123.0,0.29285714285714287
confirmation,30,demand-aware,binary_panel,original-administrative-censor,162,1,162.0,0.38571428571428573
confirmation,30,fhs3,source,before-half,3,1,3.0,0.007142857142857143
confirmation,30,fhs3,source,at-half,0,1,0.0,0.0
confirmation,30,fhs3,source,after-half-through-full,29,1,29.0,0.06904761904761905
confirmation,30,fhs3,source,original-administrative-censor,388,1,388.0,0.9238095238095239
confirmation,30,fhs3,binary_panel,before-half,183,2,91.5,0.21785714285714286
confirmation,30,fhs3,binary_panel,at-half,0,1,0.0,0.0
confirmation,30,fhs3,binary_panel,after-half-through-full,92,1,92.0,0.21904761904761905
confirmation,30,fhs3,binary_panel,original-administrative-censor,473,2,236.5,0.5630952380952381
confirmation,30,fhs5,source,before-half,1,1,1.0,0.002380952380952381
confirmation,30,fhs5,source,at-half,0,1,0.0,0.0
confirmation,30,fhs5,source,after-half-through-full,10,1,10.0,0.023809523809523808
confirmation,30,fhs5,source,original-administrative-censor,409,1,409.0,0.9738095238095238
confirmation,30,fhs5,binary_panel,before-half,133,1,133.0,0.31666666666666665
confirmation,30,fhs5,binary_panel,at-half,2,1,2.0,0.004761904761904762
confirmation,30,fhs5,binary_panel,after-half-through-full,123,1,123.0,0.29285714285714287
confirmation,30,fhs5,binary_panel,original-administrative-censor,162,1,162.0,0.38571428571428573
confirmation,30,nch,source,before-half,1,1,1.0,0.002380952380952381
confirmation,30,nch,source,at-half,0,1,0.0,0.0
confirmation,30,nch,source,after-half-through-full,1,1,1.0,0.002380952380952381
confirmation,30,nch,source,original-administrative-censor,418,1,418.0,0.9952380952380953
confirmation,30,nch,binary_panel,before-half,61,2,30.5,0.07261904761904762
confirmation,30,nch,binary_panel,at-half,1,2,0.5,0.0011904761904761906
confirmation,30,nch,binary_panel,after-half-through-full,151,2,75.5,0.17976190476190476
confirmation,30,nch,binary_panel,original-administrative-censor,627,2,313.5,0.7464285714285714
confirmation,60,demand-aware,source,before-half,2,1,2.0,0.004761904761904762
confirmation,60,demand-aware,source,at-half,0,1,0.0,0.0
confirmation,60,demand-aware,source,after-half-through-full,9,1,9.0,0.02142857142857143
confirmation,60,demand-aware,source,original-administrative-censor,409,1,409.0,0.9738095238095238
confirmation,60,demand-aware,binary_panel,before-half,383,2,191.5,0.45595238095238094
confirmation,60,demand-aware,binary_panel,at-half,0,1,0.0,0.0
confirmation,60,demand-aware,binary_panel,after-half-through-full,113,1,113.0,0.26904761904761904
confirmation,60,demand-aware,binary_panel,original-administrative-censor,231,2,115.5,0.275
confirmation,60,fhs3,source,before-half,0,1,0.0,0.0
confirmation,60,fhs3,source,at-half,0,1,0.0,0.0
confirmation,60,fhs3,source,after-half-through-full,42,1,42.0,0.1
confirmation,60,fhs3,source,original-administrative-censor,378,1,378.0,0.9
confirmation,60,fhs3,binary_panel,before-half,257,2,128.5,0.305952380952381
confirmation,60,fhs3,binary_panel,at-half,0,1,0.0,0.0
confirmation,60,fhs3,binary_panel,after-half-through-full,245,2,122.5,0.2916666666666667
confirmation,60,fhs3,binary_panel,original-administrative-censor,169,1,169.0,0.4023809523809524
confirmation,60,fhs5,source,before-half,2,1,2.0,0.004761904761904762
confirmation,60,fhs5,source,at-half,0,1,0.0,0.0
confirmation,60,fhs5,source,after-half-through-full,9,1,9.0,0.02142857142857143
confirmation,60,fhs5,source,original-administrative-censor,409,1,409.0,0.9738095238095238
confirmation,60,fhs5,binary_panel,before-half,383,2,191.5,0.45595238095238094
confirmation,60,fhs5,binary_panel,at-half,0,1,0.0,0.0
confirmation,60,fhs5,binary_panel,after-half-through-full,113,1,113.0,0.26904761904761904
confirmation,60,fhs5,binary_panel,original-administrative-censor,231,2,115.5,0.275
confirmation,60,nch,source,before-half,1,1,1.0,0.002380952380952381
confirmation,60,nch,source,at-half,0,1,0.0,0.0
confirmation,60,nch,source,after-half-through-full,0,1,0.0,0.0
confirmation,60,nch,source,original-administrative-censor,419,1,419.0,0.9976190476190476
confirmation,60,nch,binary_panel,before-half,50,1,50.0,0.11904761904761904
confirmation,60,nch,binary_panel,at-half,0,1,0.0,0.0
confirmation,60,nch,binary_panel,after-half-through-full,241,2,120.5,0.2869047619047619
confirmation,60,nch,binary_panel,original-administrative-censor,499,2,249.5,0.594047619047619
confirmation,120,demand-aware,source,before-half,1,1,1.0,0.002380952380952381
confirmation,120,demand-aware,source,at-half,0,1,0.0,0.0
confirmation,120,demand-aware,source,after-half-through-full,17,1,17.0,0.04047619047619048
confirmation,120,demand-aware,source,original-administrative-censor,402,1,402.0,0.9571428571428572
confirmation,120,demand-aware,binary_panel,before-half,545,2,272.5,0.6488095238095238
confirmation,120,demand-aware,binary_panel,at-half,0,1,0.0,0.0
confirmation,120,demand-aware,binary_panel,after-half-through-full,83,1,83.0,0.1976190476190476
confirmation,120,demand-aware,binary_panel,original-administrative-censor,129,2,64.5,0.15357142857142858
confirmation,120,fhs3,source,before-half,8,1,8.0,0.01904761904761905
confirmation,120,fhs3,source,at-half,0,1,0.0,0.0
confirmation,120,fhs3,source,after-half-through-full,53,1,53.0,0.1261904761904762
confirmation,120,fhs3,source,original-administrative-censor,359,1,359.0,0.8547619047619047
confirmation,120,fhs3,binary_panel,before-half,421,2,210.5,0.5011904761904762
confirmation,120,fhs3,binary_panel,at-half,0,1,0.0,0.0
confirmation,120,fhs3,binary_panel,after-half-through-full,107,1,107.0,0.25476190476190474
confirmation,120,fhs3,binary_panel,original-administrative-censor,205,2,102.5,0.24404761904761904
confirmation,120,fhs5,source,before-half,1,1,1.0,0.002380952380952381
confirmation,120,fhs5,source,at-half,0,1,0.0,0.0
confirmation,120,fhs5,source,after-half-through-full,17,1,17.0,0.04047619047619048
confirmation,120,fhs5,source,original-administrative-censor,402,1,402.0,0.9571428571428572
confirmation,120,fhs5,binary_panel,before-half,545,2,272.5,0.6488095238095238
confirmation,120,fhs5,binary_panel,at-half,0,1,0.0,0.0
confirmation,120,fhs5,binary_panel,after-half-through-full,83,1,83.0,0.1976190476190476
confirmation,120,fhs5,binary_panel,original-administrative-censor,129,2,64.5,0.15357142857142858
confirmation,120,nch,source,before-half,5,1,5.0,0.011904761904761904
confirmation,120,nch,source,at-half,0,1,0.0,0.0
confirmation,120,nch,source,after-half-through-full,9,1,9.0,0.02142857142857143
confirmation,120,nch,source,original-administrative-censor,406,1,406.0,0.9666666666666667
confirmation,120,nch,binary_panel,before-half,135,1,135.0,0.32142857142857145
confirmation,120,nch,binary_panel,at-half,0,1,0.0,0.0
confirmation,120,nch,binary_panel,after-half-through-full,225,2,112.5,0.26785714285714285
confirmation,120,nch,binary_panel,original-administrative-censor,345,2,172.5,0.4107142857142857
confirmation,240,demand-aware,source,before-half,2,1,2.0,0.004761904761904762
confirmation,240,demand-aware,source,at-half,0,1,0.0,0.0
confirmation,240,demand-aware,source,after-half-through-full,23,1,23.0,0.05476190476190476
confirmation,240,demand-aware,source,original-administrative-censor,395,1,395.0,0.9404761904761905
confirmation,240,demand-aware,binary_panel,before-half,303,1,303.0,0.7214285714285714
confirmation,240,demand-aware,binary_panel,at-half,0,1,0.0,0.0
confirmation,240,demand-aware,binary_panel,after-half-through-full,199,2,99.5,0.2369047619047619
confirmation,240,demand-aware,binary_panel,original-administrative-censor,35,2,17.5,0.041666666666666664
confirmation,240,fhs3,source,before-half,21,1,21.0,0.05
confirmation,240,fhs3,source,at-half,0,1,0.0,0.0
confirmation,240,fhs3,source,after-half-through-full,77,1,77.0,0.18333333333333332
confirmation,240,fhs3,source,original-administrative-censor,322,1,322.0,0.7666666666666667
confirmation,240,fhs3,binary_panel,before-half,277,1,277.0,0.6595238095238095
confirmation,240,fhs3,binary_panel,at-half,0,1,0.0,0.0
confirmation,240,fhs3,binary_panel,after-half-through-full,97,1,97.0,0.23095238095238096
confirmation,240,fhs3,binary_panel,original-administrative-censor,46,1,46.0,0.10952380952380952
confirmation,240,fhs5,source,before-half,2,1,2.0,0.004761904761904762
confirmation,240,fhs5,source,at-half,0,1,0.0,0.0
confirmation,240,fhs5,source,after-half-through-full,23,1,23.0,0.05476190476190476
confirmation,240,fhs5,source,original-administrative-censor,395,1,395.0,0.9404761904761905
confirmation,240,fhs5,binary_panel,before-half,303,1,303.0,0.7214285714285714
confirmation,240,fhs5,binary_panel,at-half,0,1,0.0,0.0
confirmation,240,fhs5,binary_panel,after-half-through-full,199,2,99.5,0.2369047619047619
confirmation,240,fhs5,binary_panel,original-administrative-censor,35,2,17.5,0.041666666666666664
confirmation,240,nch,source,before-half,1,1,1.0,0.002380952380952381
confirmation,240,nch,source,at-half,0,1,0.0,0.0
confirmation,240,nch,source,after-half-through-full,9,1,9.0,0.02142857142857143
confirmation,240,nch,source,original-administrative-censor,410,1,410.0,0.9761904761904762
confirmation,240,nch,binary_panel,before-half,210,1,210.0,0.5
confirmation,240,nch,binary_panel,at-half,0,1,0.0,0.0
confirmation,240,nch,binary_panel,after-half-through-full,91,1,91.0,0.21666666666666667
confirmation,240,nch,binary_panel,original-administrative-censor,119,1,119.0,0.2833333333333333
