phase,node_count,window,scope,comparison,metric,independent_parents,horizon,interval_type,estimate,estimate_numerator,estimate_denominator,lower,lower_numerator,lower_denominator,upper,upper_numerator,upper_denominator
formal,30,half-minus-full,combined,demand-aware-minus-matched-binary,normalized_restricted_tau_nopath,60,,pointwise-unadjusted-95-percent,-0.16321759259259258,-7051,43200,-0.17633928571428573,-79,448,-0.15022156084656085,-45427,302400
formal,30,half-minus-full,combined,demand-aware-minus-matched-binary,failure_risk,60,,pointwise-unadjusted-95-percent,0.2845238095238095,239,840,0.24761904761904763,26,105,0.32142857142857145,9,28
formal,30,half-minus-full,combined,fhs3-minus-matched-binary,normalized_restricted_tau_nopath,60,,pointwise-unadjusted-95-percent,-0.092255291005291,-13949,151200,-0.10510251322751323,-31783,302400,-0.07975859788359789,-24119,302400
formal,30,half-minus-full,combined,fhs3-minus-matched-binary,failure_risk,60,,pointwise-unadjusted-95-percent,0.17261904761904762,29,168,0.1357142857142857,19,140,0.2119047619047619,89,420
formal,30,half-minus-full,combined,fhs5-minus-matched-binary,normalized_restricted_tau_nopath,60,,pointwise-unadjusted-95-percent,-0.16215277777777778,-467,2880,-0.17524140211640213,-52993,302400,-0.14924272486772486,-45131,302400
formal,30,half-minus-full,combined,fhs5-minus-matched-binary,failure_risk,60,,pointwise-unadjusted-95-percent,0.2869047619047619,241,840,0.2511904761904762,211,840,0.3238095238095238,34,105
formal,30,half-minus-full,combined,nch-minus-matched-binary,normalized_restricted_tau_nopath,60,,pointwise-unadjusted-95-percent,-0.07290343915343915,-11023,151200,-0.08587632275132275,-25969,302400,-0.0603207671957672,-18241,302400
formal,30,half-minus-full,combined,nch-minus-matched-binary,failure_risk,60,,pointwise-unadjusted-95-percent,0.18333333333333332,11,60,0.15833333333333333,19,120,0.20952380952380953,22,105
formal,30,half-minus-full,combined,DA-minus-FHS5,normalized_restricted_tau_nopath,60,,pointwise-unadjusted-95-percent,-0.0010648148148148149,-23,21600,-0.0025396825396825397,-4,1575,0.00011904761904761905,1,8400
formal,30,half-minus-full,combined,DA-minus-FHS5,failure_risk,60,,pointwise-unadjusted-95-percent,-0.002380952380952381,-1,420,-0.007142857142857143,-1,140,0.0,0,1
formal,30,half-minus-full,same_distribution,demand-aware-minus-matched-binary,normalized_restricted_tau_nopath,60,,descriptive-only,-0.15003472222222222,-4321,28800,,,,,,
formal,30,half-minus-full,same_distribution,demand-aware-minus-matched-binary,failure_risk,60,,descriptive-only,0.24375,39,160,,,,,,
formal,30,half-minus-full,same_distribution,fhs3-minus-matched-binary,normalized_restricted_tau_nopath,60,,descriptive-only,-0.0901099537037037,-15571,172800,,,,,,
formal,30,half-minus-full,same_distribution,fhs3-minus-matched-binary,failure_risk,60,,descriptive-only,0.15208333333333332,73,480,,,,,,
formal,30,half-minus-full,same_distribution,fhs5-minus-matched-binary,normalized_restricted_tau_nopath,60,,descriptive-only,-0.1481712962962963,-6401,43200,,,,,,
formal,30,half-minus-full,same_distribution,fhs5-minus-matched-binary,failure_risk,60,,descriptive-only,0.24791666666666667,119,480,,,,,,
formal,30,half-minus-full,same_distribution,nch-minus-matched-binary,normalized_restricted_tau_nopath,60,,descriptive-only,-0.0778761574074074,-13457,172800,,,,,,
formal,30,half-minus-full,same_distribution,nch-minus-matched-binary,failure_risk,60,,descriptive-only,0.17708333333333334,17,96,,,,,,
formal,30,half-minus-full,same_distribution,DA-minus-FHS5,normalized_restricted_tau_nopath,60,,descriptive-only,-0.001863425925925926,-161,86400,,,,,,
formal,30,half-minus-full,same_distribution,DA-minus-FHS5,failure_risk,60,,descriptive-only,-0.004166666666666667,-1,240,,,,,,
formal,30,half-minus-full,distribution_shift,demand-aware-minus-matched-binary,normalized_restricted_tau_nopath,60,,descriptive-only,-0.18079475308641976,-23431,129600,,,,,,
formal,30,half-minus-full,distribution_shift,demand-aware-minus-matched-binary,failure_risk,60,,descriptive-only,0.3388888888888889,61,180,,,,,,
formal,30,half-minus-full,distribution_shift,fhs3-minus-matched-binary,normalized_restricted_tau_nopath,60,,descriptive-only,-0.09511574074074074,-4109,43200,,,,,,
formal,30,half-minus-full,distribution_shift,fhs3-minus-matched-binary,failure_risk,60,,descriptive-only,0.2,1,5,,,,,,
formal,30,half-minus-full,distribution_shift,fhs5-minus-matched-binary,normalized_restricted_tau_nopath,60,,descriptive-only,-0.18079475308641976,-23431,129600,,,,,,
formal,30,half-minus-full,distribution_shift,fhs5-minus-matched-binary,failure_risk,60,,descriptive-only,0.3388888888888889,61,180,,,,,,
formal,30,half-minus-full,distribution_shift,nch-minus-matched-binary,normalized_restricted_tau_nopath,60,,descriptive-only,-0.06627314814814815,-2863,43200,,,,,,
formal,30,half-minus-full,distribution_shift,nch-minus-matched-binary,failure_risk,60,,descriptive-only,0.19166666666666668,23,120,,,,,,
formal,30,half-minus-full,distribution_shift,DA-minus-FHS5,normalized_restricted_tau_nopath,60,,descriptive-only,0.0,0,1,,,,,,
formal,30,half-minus-full,distribution_shift,DA-minus-FHS5,failure_risk,60,,descriptive-only,0.0,0,1,,,,,,
formal,60,half-minus-full,combined,demand-aware-minus-matched-binary,normalized_restricted_tau_nopath,60,,pointwise-unadjusted-95-percent,-0.19712466931216932,-119221,604800,-0.21294146825396826,-42929,201600,-0.18097222222222223,-1303,7200
formal,60,half-minus-full,combined,demand-aware-minus-matched-binary,failure_risk,60,,pointwise-unadjusted-95-percent,0.25476190476190474,107,420,0.20357142857142857,57,280,0.305952380952381,257,840
formal,60,half-minus-full,combined,fhs3-minus-matched-binary,normalized_restricted_tau_nopath,60,,pointwise-unadjusted-95-percent,-0.13778273809523808,-9259,67200,-0.1526984126984127,-481,3150,-0.12272486772486772,-4639,37800
formal,60,half-minus-full,combined,fhs3-minus-matched-binary,failure_risk,60,,pointwise-unadjusted-95-percent,0.15833333333333333,19,120,0.10833333333333334,13,120,0.20952380952380953,22,105
formal,60,half-minus-full,combined,fhs5-minus-matched-binary,normalized_restricted_tau_nopath,60,,pointwise-unadjusted-95-percent,-0.19703869047619046,-13241,67200,-0.2128587962962963,-18391,86400,-0.18089285714285713,-1013,5600
formal,60,half-minus-full,combined,fhs5-minus-matched-binary,failure_risk,60,,pointwise-unadjusted-95-percent,0.2523809523809524,53,210,0.2011904761904762,169,840,0.30357142857142855,17,56
formal,60,half-minus-full,combined,nch-minus-matched-binary,normalized_restricted_tau_nopath,60,,pointwise-unadjusted-95-percent,-0.11965277777777777,-1723,14400,-0.13282572751322752,-80333,604800,-0.10641534391534392,-1609,15120
formal,60,half-minus-full,combined,nch-minus-matched-binary,failure_risk,60,,pointwise-unadjusted-95-percent,0.25357142857142856,71,280,0.21904761904761905,23,105,0.28809523809523807,121,420
formal,60,half-minus-full,combined,DA-minus-FHS5,normalized_restricted_tau_nopath,60,,pointwise-unadjusted-95-percent,-8.597883597883598e-05,-13,151200,-0.0002546296296296296,-11,43200,0.0,0,1
formal,60,half-minus-full,combined,DA-minus-FHS5,failure_risk,60,,pointwise-unadjusted-95-percent,0.002380952380952381,1,420,0.0,0,1,0.007142857142857143,1,140
formal,60,half-minus-full,same_distribution,demand-aware-minus-matched-binary,normalized_restricted_tau_nopath,60,,descriptive-only,-0.18365162037037036,-6347,34560,,,,,,
formal,60,half-minus-full,same_distribution,demand-aware-minus-matched-binary,failure_risk,60,,descriptive-only,0.25,1,4,,,,,,
formal,60,half-minus-full,same_distribution,fhs3-minus-matched-binary,normalized_restricted_tau_nopath,60,,descriptive-only,-0.12188368055555555,-14041,115200,,,,,,
formal,60,half-minus-full,same_distribution,fhs3-minus-matched-binary,failure_risk,60,,descriptive-only,0.14375,23,160,,,,,,
formal,60,half-minus-full,same_distribution,fhs5-minus-matched-binary,normalized_restricted_tau_nopath,60,,descriptive-only,-0.18364583333333334,-1763,9600,,,,,,
formal,60,half-minus-full,same_distribution,fhs5-minus-matched-binary,failure_risk,60,,descriptive-only,0.25,1,4,,,,,,
formal,60,half-minus-full,same_distribution,nch-minus-matched-binary,normalized_restricted_tau_nopath,60,,descriptive-only,-0.11439525462962963,-7907,69120,,,,,,
formal,60,half-minus-full,same_distribution,nch-minus-matched-binary,failure_risk,60,,descriptive-only,0.2375,19,80,,,,,,
formal,60,half-minus-full,same_distribution,DA-minus-FHS5,normalized_restricted_tau_nopath,60,,descriptive-only,-5.787037037037037e-06,-1,172800,,,,,,
formal,60,half-minus-full,same_distribution,DA-minus-FHS5,failure_risk,60,,descriptive-only,0.0,0,1,,,,,,
formal,60,half-minus-full,distribution_shift,demand-aware-minus-matched-binary,normalized_restricted_tau_nopath,60,,descriptive-only,-0.21508873456790123,-55751,259200,,,,,,
formal,60,half-minus-full,distribution_shift,demand-aware-minus-matched-binary,failure_risk,60,,descriptive-only,0.2611111111111111,47,180,,,,,,
formal,60,half-minus-full,distribution_shift,fhs3-minus-matched-binary,normalized_restricted_tau_nopath,60,,descriptive-only,-0.15898148148148147,-1717,10800,,,,,,
formal,60,half-minus-full,distribution_shift,fhs3-minus-matched-binary,failure_risk,60,,descriptive-only,0.17777777777777778,8,45,,,,,,
formal,60,half-minus-full,distribution_shift,fhs5-minus-matched-binary,normalized_restricted_tau_nopath,60,,descriptive-only,-0.21489583333333334,-2063,9600,,,,,,
formal,60,half-minus-full,distribution_shift,fhs5-minus-matched-binary,failure_risk,60,,descriptive-only,0.25555555555555554,23,90,,,,,,
formal,60,half-minus-full,distribution_shift,nch-minus-matched-binary,normalized_restricted_tau_nopath,60,,descriptive-only,-0.12666280864197532,-32831,259200,,,,,,
formal,60,half-minus-full,distribution_shift,nch-minus-matched-binary,failure_risk,60,,descriptive-only,0.275,11,40,,,,,,
formal,60,half-minus-full,distribution_shift,DA-minus-FHS5,normalized_restricted_tau_nopath,60,,descriptive-only,-0.00019290123456790122,-1,5184,,,,,,
formal,60,half-minus-full,distribution_shift,DA-minus-FHS5,failure_risk,60,,descriptive-only,0.005555555555555556,1,180,,,,,,
formal,120,half-minus-full,combined,demand-aware-minus-matched-binary,normalized_restricted_tau_nopath,60,,pointwise-unadjusted-95-percent,-0.18507275132275133,-27983,151200,-0.20052331349206348,-80851,403200,-0.16945188492063493,-68323,403200
formal,120,half-minus-full,combined,demand-aware-minus-matched-binary,failure_risk,60,,pointwise-unadjusted-95-percent,0.1988095238095238,167,840,0.15595238095238095,131,840,0.24285714285714285,17,70
formal,120,half-minus-full,combined,fhs3-minus-matched-binary,normalized_restricted_tau_nopath,60,,pointwise-unadjusted-95-percent,-0.1795949074074074,-15517,86400,-0.19659804894179894,-47561,241920,-0.16274636243386242,-98429,604800
formal,120,half-minus-full,combined,fhs3-minus-matched-binary,failure_risk,60,,pointwise-unadjusted-95-percent,0.15,3,20,0.10238095238095238,43,420,0.1988095238095238,167,840
formal,120,half-minus-full,combined,fhs5-minus-matched-binary,normalized_restricted_tau_nopath,60,,pointwise-unadjusted-95-percent,-0.1851570767195767,-111983,604800,-0.2006886574074074,-34679,172800,-0.16947337962962963,-5857,34560
formal,120,half-minus-full,combined,fhs5-minus-matched-binary,failure_risk,60,,pointwise-unadjusted-95-percent,0.1988095238095238,167,840,0.15595238095238095,131,840,0.24285714285714285,17,70
formal,120,half-minus-full,combined,nch-minus-matched-binary,normalized_restricted_tau_nopath,60,,pointwise-unadjusted-95-percent,-0.1777744708994709,-53759,302400,-0.19501901455026455,-47179,241920,-0.16124503968253967,-32507,201600
formal,120,half-minus-full,combined,nch-minus-matched-binary,failure_risk,60,,pointwise-unadjusted-95-percent,0.3011904761904762,253,840,0.2619047619047619,11,42,0.34404761904761905,289,840
formal,120,half-minus-full,combined,DA-minus-FHS5,normalized_restricted_tau_nopath,60,,pointwise-unadjusted-95-percent,8.432539682539683e-05,17,201600,0.0,0,1,0.00025297619047619046,17,67200
formal,120,half-minus-full,combined,DA-minus-FHS5,failure_risk,60,,pointwise-unadjusted-95-percent,0.0,0,1,0.0,0,1,0.0,0,1
formal,120,half-minus-full,same_distribution,demand-aware-minus-matched-binary,normalized_restricted_tau_nopath,60,,descriptive-only,-0.17888020833333335,-6869,38400,,,,,,
formal,120,half-minus-full,same_distribution,demand-aware-minus-matched-binary,failure_risk,60,,descriptive-only,0.17916666666666667,43,240,,,,,,
formal,120,half-minus-full,same_distribution,fhs3-minus-matched-binary,normalized_restricted_tau_nopath,60,,descriptive-only,-0.1657450810185185,-114563,691200,,,,,,
formal,120,half-minus-full,same_distribution,fhs3-minus-matched-binary,failure_risk,60,,descriptive-only,0.14583333333333334,7,48,,,,,,
formal,120,half-minus-full,same_distribution,fhs5-minus-matched-binary,normalized_restricted_tau_nopath,60,,descriptive-only,-0.1790943287037037,-12379,69120,,,,,,
formal,120,half-minus-full,same_distribution,fhs5-minus-matched-binary,failure_risk,60,,descriptive-only,0.18333333333333332,11,60,,,,,,
formal,120,half-minus-full,same_distribution,nch-minus-matched-binary,normalized_restricted_tau_nopath,60,,descriptive-only,-0.1671484375,-4279,25600,,,,,,
formal,120,half-minus-full,same_distribution,nch-minus-matched-binary,failure_risk,60,,descriptive-only,0.3125,5,16,,,,,,
formal,120,half-minus-full,same_distribution,DA-minus-FHS5,normalized_restricted_tau_nopath,60,,descriptive-only,0.00021412037037037038,37,172800,,,,,,
formal,120,half-minus-full,same_distribution,DA-minus-FHS5,failure_risk,60,,descriptive-only,-0.004166666666666667,-1,240,,,,,,
formal,120,half-minus-full,distribution_shift,demand-aware-minus-matched-binary,normalized_restricted_tau_nopath,60,,descriptive-only,-0.19332947530864197,-50111,259200,,,,,,
formal,120,half-minus-full,distribution_shift,demand-aware-minus-matched-binary,failure_risk,60,,descriptive-only,0.225,9,40,,,,,,
formal,120,half-minus-full,distribution_shift,fhs3-minus-matched-binary,normalized_restricted_tau_nopath,60,,descriptive-only,-0.1980613425925926,-1369,6912,,,,,,
formal,120,half-minus-full,distribution_shift,fhs3-minus-matched-binary,failure_risk,60,,descriptive-only,0.15555555555555556,7,45,,,,,,
formal,120,half-minus-full,distribution_shift,fhs5-minus-matched-binary,normalized_restricted_tau_nopath,60,,descriptive-only,-0.19324074074074074,-2087,10800,,,,,,
formal,120,half-minus-full,distribution_shift,fhs5-minus-matched-binary,failure_risk,60,,descriptive-only,0.21944444444444444,79,360,,,,,,
formal,120,half-minus-full,distribution_shift,nch-minus-matched-binary,normalized_restricted_tau_nopath,60,,descriptive-only,-0.19194251543209875,-99503,518400,,,,,,
formal,120,half-minus-full,distribution_shift,nch-minus-matched-binary,failure_risk,60,,descriptive-only,0.2861111111111111,103,360,,,,,,
formal,120,half-minus-full,distribution_shift,DA-minus-FHS5,normalized_restricted_tau_nopath,60,,descriptive-only,-8.873456790123456e-05,-23,259200,,,,,,
formal,120,half-minus-full,distribution_shift,DA-minus-FHS5,failure_risk,60,,descriptive-only,0.005555555555555556,1,180,,,,,,
formal,240,half-minus-full,combined,demand-aware-minus-matched-binary,normalized_restricted_tau_nopath,60,,pointwise-unadjusted-95-percent,-0.20389012896825398,-164417,806400,-0.21981398809523808,-29543,134400,-0.18770998677248676,-113527,604800
formal,240,half-minus-full,combined,demand-aware-minus-matched-binary,failure_risk,60,,pointwise-unadjusted-95-percent,0.19166666666666668,23,120,0.14761904761904762,31,210,0.23333333333333334,7,30
formal,240,half-minus-full,combined,fhs3-minus-matched-binary,normalized_restricted_tau_nopath,60,,pointwise-unadjusted-95-percent,-0.15712136243386243,-95027,604800,-0.17388475529100528,-210331,1209600,-0.1402509093915344,-67859,483840
formal,240,half-minus-full,combined,fhs3-minus-matched-binary,failure_risk,60,,pointwise-unadjusted-95-percent,0.04523809523809524,19,420,0.004761904761904762,1,210,0.08333333333333333,1,12
formal,240,half-minus-full,combined,fhs5-minus-matched-binary,normalized_restricted_tau_nopath,60,,pointwise-unadjusted-95-percent,-0.20389012896825398,-164417,806400,-0.21981398809523808,-29543,134400,-0.18770998677248676,-113527,604800
formal,240,half-minus-full,combined,fhs5-minus-matched-binary,failure_risk,60,,pointwise-unadjusted-95-percent,0.19166666666666668,23,120,0.14761904761904762,31,210,0.23333333333333334,7,30
formal,240,half-minus-full,combined,nch-minus-matched-binary,normalized_restricted_tau_nopath,60,,pointwise-unadjusted-95-percent,-0.16072007275132275,-194407,1209600,-0.17734126984126983,-4469,25200,-0.14399512235449735,-348353,2419200
formal,240,half-minus-full,combined,nch-minus-matched-binary,failure_risk,60,,pointwise-unadjusted-95-percent,0.20357142857142857,57,280,0.1595238095238095,67,420,0.24761904761904763,26,105
formal,240,half-minus-full,combined,DA-minus-FHS5,normalized_restricted_tau_nopath,60,,pointwise-unadjusted-95-percent,0.0,0,1,0.0,0,1,0.0,0,1
formal,240,half-minus-full,combined,DA-minus-FHS5,failure_risk,60,,pointwise-unadjusted-95-percent,0.0,0,1,0.0,0,1,0.0,0,1
formal,240,half-minus-full,same_distribution,demand-aware-minus-matched-binary,normalized_restricted_tau_nopath,60,,descriptive-only,-0.19453269675925927,-134461,691200,,,,,,
formal,240,half-minus-full,same_distribution,demand-aware-minus-matched-binary,failure_risk,60,,descriptive-only,0.20416666666666666,49,240,,,,,,
formal,240,half-minus-full,same_distribution,fhs3-minus-matched-binary,normalized_restricted_tau_nopath,60,,descriptive-only,-0.14598090277777778,-16817,115200,,,,,,
formal,240,half-minus-full,same_distribution,fhs3-minus-matched-binary,failure_risk,60,,descriptive-only,0.008333333333333333,1,120,,,,,,
formal,240,half-minus-full,same_distribution,fhs5-minus-matched-binary,normalized_restricted_tau_nopath,60,,descriptive-only,-0.19453269675925927,-134461,691200,,,,,,
formal,240,half-minus-full,same_distribution,fhs5-minus-matched-binary,failure_risk,60,,descriptive-only,0.20416666666666666,49,240,,,,,,
formal,240,half-minus-full,same_distribution,nch-minus-matched-binary,normalized_restricted_tau_nopath,60,,descriptive-only,-0.1612890625,-4129,25600,,,,,,
formal,240,half-minus-full,same_distribution,nch-minus-matched-binary,failure_risk,60,,descriptive-only,0.22291666666666668,107,480,,,,,,
formal,240,half-minus-full,same_distribution,DA-minus-FHS5,normalized_restricted_tau_nopath,60,,descriptive-only,0.0,0,1,,,,,,
formal,240,half-minus-full,same_distribution,DA-minus-FHS5,failure_risk,60,,descriptive-only,0.0,0,1,,,,,,
formal,240,half-minus-full,distribution_shift,demand-aware-minus-matched-binary,normalized_restricted_tau_nopath,60,,descriptive-only,-0.2163667052469136,-224329,1036800,,,,,,
formal,240,half-minus-full,distribution_shift,demand-aware-minus-matched-binary,failure_risk,60,,descriptive-only,0.175,7,40,,,,,,
formal,240,half-minus-full,distribution_shift,fhs3-minus-matched-binary,normalized_restricted_tau_nopath,60,,descriptive-only,-0.1719753086419753,-1393,8100,,,,,,
formal,240,half-minus-full,distribution_shift,fhs3-minus-matched-binary,failure_risk,60,,descriptive-only,0.09444444444444444,17,180,,,,,,
formal,240,half-minus-full,distribution_shift,fhs5-minus-matched-binary,normalized_restricted_tau_nopath,60,,descriptive-only,-0.2163667052469136,-224329,1036800,,,,,,
formal,240,half-minus-full,distribution_shift,fhs5-minus-matched-binary,failure_risk,60,,descriptive-only,0.175,7,40,,,,,,
formal,240,half-minus-full,distribution_shift,nch-minus-matched-binary,normalized_restricted_tau_nopath,60,,descriptive-only,-0.15996141975308642,-20731,129600,,,,,,
formal,240,half-minus-full,distribution_shift,nch-minus-matched-binary,failure_risk,60,,descriptive-only,0.17777777777777778,8,45,,,,,,
formal,240,half-minus-full,distribution_shift,DA-minus-FHS5,normalized_restricted_tau_nopath,60,,descriptive-only,0.0,0,1,,,,,,
formal,240,half-minus-full,distribution_shift,DA-minus-FHS5,failure_risk,60,,descriptive-only,0.0,0,1,,,,,,
confirmation,30,half-minus-full,combined,demand-aware-minus-matched-binary,normalized_restricted_tau_nopath,60,,pointwise-unadjusted-95-percent,-0.17702050264550265,-53531,302400,-0.1930059523809524,-1297,6720,-0.16097883597883597,-1217,7560
confirmation,30,half-minus-full,combined,demand-aware-minus-matched-binary,failure_risk,60,,pointwise-unadjusted-95-percent,0.28095238095238095,59,210,0.2369047619047619,199,840,0.325,13,40
confirmation,30,half-minus-full,combined,fhs3-minus-matched-binary,normalized_restricted_tau_nopath,60,,pointwise-unadjusted-95-percent,-0.11114748677248677,-33611,302400,-0.1253075396825397,-12631,100800,-0.09750330687830688,-5897,60480
confirmation,30,half-minus-full,combined,fhs3-minus-matched-binary,failure_risk,60,,pointwise-unadjusted-95-percent,0.15,3,20,0.11071428571428571,31,280,0.19047619047619047,4,21
confirmation,30,half-minus-full,combined,fhs5-minus-matched-binary,normalized_restricted_tau_nopath,60,,pointwise-unadjusted-95-percent,-0.176114417989418,-53257,302400,-0.19188492063492063,-9671,50400,-0.16018849206349206,-16147,100800
confirmation,30,half-minus-full,combined,fhs5-minus-matched-binary,failure_risk,60,,pointwise-unadjusted-95-percent,0.26904761904761904,113,420,0.225,9,40,0.3130952380952381,263,840
confirmation,30,half-minus-full,combined,nch-minus-matched-binary,normalized_restricted_tau_nopath,60,,pointwise-unadjusted-95-percent,-0.07300925925925926,-1577,21600,-0.08540343915343915,-12913,151200,-0.06111441798941799,-18481,302400
confirmation,30,half-minus-full,combined,nch-minus-matched-binary,failure_risk,60,,pointwise-unadjusted-95-percent,0.1773809523809524,149,840,0.15357142857142858,43,280,0.20238095238095238,17,84
confirmation,30,half-minus-full,combined,DA-minus-FHS5,normalized_restricted_tau_nopath,60,,pointwise-unadjusted-95-percent,-0.000906084656084656,-137,151200,-0.0021164021164021165,-2,945,-2.6455026455026456e-05,-1,37800
confirmation,30,half-minus-full,combined,DA-minus-FHS5,failure_risk,60,,pointwise-unadjusted-95-percent,0.011904761904761904,1,84,0.0,0,1,0.02619047619047619,11,420
confirmation,30,half-minus-full,same_distribution,demand-aware-minus-matched-binary,normalized_restricted_tau_nopath,60,,descriptive-only,-0.1616087962962963,-13963,86400,,,,,,
confirmation,30,half-minus-full,same_distribution,demand-aware-minus-matched-binary,failure_risk,60,,descriptive-only,0.25416666666666665,61,240,,,,,,
confirmation,30,half-minus-full,same_distribution,fhs3-minus-matched-binary,normalized_restricted_tau_nopath,60,,descriptive-only,-0.10765625,-689,6400,,,,,,
confirmation,30,half-minus-full,same_distribution,fhs3-minus-matched-binary,failure_risk,60,,descriptive-only,0.125,1,8,,,,,,
confirmation,30,half-minus-full,same_distribution,fhs5-minus-matched-binary,normalized_restricted_tau_nopath,60,,descriptive-only,-0.16047453703703704,-2773,17280,,,,,,
confirmation,30,half-minus-full,same_distribution,fhs5-minus-matched-binary,failure_risk,60,,descriptive-only,0.24166666666666667,29,120,,,,,,
confirmation,30,half-minus-full,same_distribution,nch-minus-matched-binary,normalized_restricted_tau_nopath,60,,descriptive-only,-0.08080439814814815,-13963,172800,,,,,,
confirmation,30,half-minus-full,same_distribution,nch-minus-matched-binary,failure_risk,60,,descriptive-only,0.17916666666666667,43,240,,,,,,
confirmation,30,half-minus-full,same_distribution,DA-minus-FHS5,normalized_restricted_tau_nopath,60,,descriptive-only,-0.0011342592592592593,-49,43200,,,,,,
confirmation,30,half-minus-full,same_distribution,DA-minus-FHS5,failure_risk,60,,descriptive-only,0.0125,1,80,,,,,,
confirmation,30,half-minus-full,distribution_shift,demand-aware-minus-matched-binary,normalized_restricted_tau_nopath,60,,descriptive-only,-0.19756944444444444,-569,2880,,,,,,
confirmation,30,half-minus-full,distribution_shift,demand-aware-minus-matched-binary,failure_risk,60,,descriptive-only,0.31666666666666665,19,60,,,,,,
confirmation,30,half-minus-full,distribution_shift,fhs3-minus-matched-binary,normalized_restricted_tau_nopath,60,,descriptive-only,-0.11580246913580247,-469,4050,,,,,,
confirmation,30,half-minus-full,distribution_shift,fhs3-minus-matched-binary,failure_risk,60,,descriptive-only,0.18333333333333332,11,60,,,,,,
confirmation,30,half-minus-full,distribution_shift,fhs5-minus-matched-binary,normalized_restricted_tau_nopath,60,,descriptive-only,-0.19696759259259258,-8509,43200,,,,,,
confirmation,30,half-minus-full,distribution_shift,fhs5-minus-matched-binary,failure_risk,60,,descriptive-only,0.3055555555555556,11,36,,,,,,
confirmation,30,half-minus-full,distribution_shift,nch-minus-matched-binary,normalized_restricted_tau_nopath,60,,descriptive-only,-0.06261574074074074,-541,8640,,,,,,
confirmation,30,half-minus-full,distribution_shift,nch-minus-matched-binary,failure_risk,60,,descriptive-only,0.175,7,40,,,,,,
confirmation,30,half-minus-full,distribution_shift,DA-minus-FHS5,normalized_restricted_tau_nopath,60,,descriptive-only,-0.0006018518518518519,-13,21600,,,,,,
confirmation,30,half-minus-full,distribution_shift,DA-minus-FHS5,failure_risk,60,,descriptive-only,0.011111111111111112,1,90,,,,,,
confirmation,60,half-minus-full,combined,demand-aware-minus-matched-binary,normalized_restricted_tau_nopath,60,,pointwise-unadjusted-95-percent,-0.20492063492063492,-1291,6300,-0.22061838624338626,-13343,60480,-0.18917824074074074,-3269,17280
confirmation,60,half-minus-full,combined,demand-aware-minus-matched-binary,failure_risk,60,,pointwise-unadjusted-95-percent,0.24761904761904763,26,105,0.1988095238095238,167,840,0.29642857142857143,83,280
confirmation,60,half-minus-full,combined,fhs3-minus-matched-binary,normalized_restricted_tau_nopath,60,,pointwise-unadjusted-95-percent,-0.15878141534391535,-96031,604800,-0.17410218253968254,-35099,201600,-0.14348875661375662,-43391,302400
confirmation,60,half-minus-full,combined,fhs3-minus-matched-binary,failure_risk,60,,pointwise-unadjusted-95-percent,0.19166666666666668,23,120,0.14404761904761904,121,840,0.2392857142857143,67,280
confirmation,60,half-minus-full,combined,fhs5-minus-matched-binary,normalized_restricted_tau_nopath,60,,pointwise-unadjusted-95-percent,-0.20507275132275132,-31007,151200,-0.22075892857142856,-989,4480,-0.18934358465608467,-22903,120960
confirmation,60,half-minus-full,combined,fhs5-minus-matched-binary,failure_risk,60,,pointwise-unadjusted-95-percent,0.24761904761904763,26,105,0.1988095238095238,167,840,0.29642857142857143,83,280
confirmation,60,half-minus-full,combined,nch-minus-matched-binary,normalized_restricted_tau_nopath,60,,pointwise-unadjusted-95-percent,-0.12207010582010581,-18457,151200,-0.1365922619047619,-9179,67200,-0.10779265873015872,-21731,201600
confirmation,60,half-minus-full,combined,nch-minus-matched-binary,failure_risk,60,,pointwise-unadjusted-95-percent,0.2869047619047619,241,840,0.25,1,4,0.3261904761904762,137,420
confirmation,60,half-minus-full,combined,DA-minus-FHS5,normalized_restricted_tau_nopath,60,,pointwise-unadjusted-95-percent,0.00015211640211640213,23,151200,0.0,0,1,0.0004398148148148148,19,43200
confirmation,60,half-minus-full,combined,DA-minus-FHS5,failure_risk,60,,pointwise-unadjusted-95-percent,0.0,0,1,0.0,0,1,0.0,0,1
confirmation,60,half-minus-full,same_distribution,demand-aware-minus-matched-binary,normalized_restricted_tau_nopath,60,,descriptive-only,-0.19379050925925925,-33487,172800,,,,,,
confirmation,60,half-minus-full,same_distribution,demand-aware-minus-matched-binary,failure_risk,60,,descriptive-only,0.22916666666666666,11,48,,,,,,
confirmation,60,half-minus-full,same_distribution,fhs3-minus-matched-binary,normalized_restricted_tau_nopath,60,,descriptive-only,-0.14200520833333333,-5453,38400,,,,,,
confirmation,60,half-minus-full,same_distribution,fhs3-minus-matched-binary,failure_risk,60,,descriptive-only,0.12291666666666666,59,480,,,,,,
confirmation,60,half-minus-full,same_distribution,fhs5-minus-matched-binary,normalized_restricted_tau_nopath,60,,descriptive-only,-0.19405671296296295,-33533,172800,,,,,,
confirmation,60,half-minus-full,same_distribution,fhs5-minus-matched-binary,failure_risk,60,,descriptive-only,0.22916666666666666,11,48,,,,,,
confirmation,60,half-minus-full,same_distribution,nch-minus-matched-binary,normalized_restricted_tau_nopath,60,,descriptive-only,-0.11525752314814815,-39833,345600,,,,,,
confirmation,60,half-minus-full,same_distribution,nch-minus-matched-binary,failure_risk,60,,descriptive-only,0.2520833333333333,121,480,,,,,,
confirmation,60,half-minus-full,same_distribution,DA-minus-FHS5,normalized_restricted_tau_nopath,60,,descriptive-only,0.0002662037037037037,23,86400,,,,,,
confirmation,60,half-minus-full,same_distribution,DA-minus-FHS5,failure_risk,60,,descriptive-only,0.0,0,1,,,,,,
confirmation,60,half-minus-full,distribution_shift,demand-aware-minus-matched-binary,normalized_restricted_tau_nopath,60,,descriptive-only,-0.2197608024691358,-28481,129600,,,,,,
confirmation,60,half-minus-full,distribution_shift,demand-aware-minus-matched-binary,failure_risk,60,,descriptive-only,0.2722222222222222,49,180,,,,,,
confirmation,60,half-minus-full,distribution_shift,fhs3-minus-matched-binary,normalized_restricted_tau_nopath,60,,descriptive-only,-0.1811496913580247,-23477,129600,,,,,,
confirmation,60,half-minus-full,distribution_shift,fhs3-minus-matched-binary,failure_risk,60,,descriptive-only,0.2833333333333333,17,60,,,,,,
confirmation,60,half-minus-full,distribution_shift,fhs5-minus-matched-binary,normalized_restricted_tau_nopath,60,,descriptive-only,-0.2197608024691358,-28481,129600,,,,,,
confirmation,60,half-minus-full,distribution_shift,fhs5-minus-matched-binary,failure_risk,60,,descriptive-only,0.2722222222222222,49,180,,,,,,
confirmation,60,half-minus-full,distribution_shift,nch-minus-matched-binary,normalized_restricted_tau_nopath,60,,descriptive-only,-0.13115354938271606,-6799,51840,,,,,,
confirmation,60,half-minus-full,distribution_shift,nch-minus-matched-binary,failure_risk,60,,descriptive-only,0.3333333333333333,1,3,,,,,,
confirmation,60,half-minus-full,distribution_shift,DA-minus-FHS5,normalized_restricted_tau_nopath,60,,descriptive-only,0.0,0,1,,,,,,
confirmation,60,half-minus-full,distribution_shift,DA-minus-FHS5,failure_risk,60,,descriptive-only,0.0,0,1,,,,,,
confirmation,120,half-minus-full,combined,demand-aware-minus-matched-binary,normalized_restricted_tau_nopath,60,,pointwise-unadjusted-95-percent,-0.20916253306878307,-253003,1209600,-0.22628472222222223,-6517,28800,-0.19168402777777777,-11041,57600
confirmation,120,half-minus-full,combined,demand-aware-minus-matched-binary,failure_risk,60,,pointwise-unadjusted-95-percent,0.15714285714285714,11,70,0.11904761904761904,5,42,0.19523809523809524,41,210
confirmation,120,half-minus-full,combined,fhs3-minus-matched-binary,normalized_restricted_tau_nopath,60,,pointwise-unadjusted-95-percent,-0.16737433862433862,-25307,151200,-0.18541253306878308,-8971,48384,-0.14824156746031747,-59771,403200
confirmation,120,half-minus-full,combined,fhs3-minus-matched-binary,failure_risk,60,,pointwise-unadjusted-95-percent,0.12857142857142856,9,70,0.07380952380952381,31,420,0.18333333333333332,11,60
confirmation,120,half-minus-full,combined,fhs5-minus-matched-binary,normalized_restricted_tau_nopath,60,,pointwise-unadjusted-95-percent,-0.20911954365079366,-84317,403200,-0.2262417328042328,-136831,604800,-0.1916261574074074,-33113,172800
confirmation,120,half-minus-full,combined,fhs5-minus-matched-binary,failure_risk,60,,pointwise-unadjusted-95-percent,0.15714285714285714,11,70,0.11904761904761904,5,42,0.19523809523809524,41,210
confirmation,120,half-minus-full,combined,nch-minus-matched-binary,normalized_restricted_tau_nopath,60,,pointwise-unadjusted-95-percent,-0.15642443783068782,-189211,1209600,-0.17407655423280424,-210563,1209600,-0.13916914682539683,-56113,403200
confirmation,120,half-minus-full,combined,nch-minus-matched-binary,failure_risk,60,,pointwise-unadjusted-95-percent,0.24642857142857144,69,280,0.20238095238095238,17,84,0.2916666666666667,7,24
confirmation,120,half-minus-full,combined,DA-minus-FHS5,normalized_restricted_tau_nopath,60,,pointwise-unadjusted-95-percent,-4.298941798941799e-05,-13,302400,-0.00012896825396825398,-13,100800,0.0,0,1
confirmation,120,half-minus-full,combined,DA-minus-FHS5,failure_risk,60,,pointwise-unadjusted-95-percent,0.0,0,1,0.0,0,1,0.0,0,1
confirmation,120,half-minus-full,same_distribution,demand-aware-minus-matched-binary,normalized_restricted_tau_nopath,60,,descriptive-only,-0.21017505787037036,-145273,691200,,,,,,
confirmation,120,half-minus-full,same_distribution,demand-aware-minus-matched-binary,failure_risk,60,,descriptive-only,0.14791666666666667,71,480,,,,,,
confirmation,120,half-minus-full,same_distribution,fhs3-minus-matched-binary,normalized_restricted_tau_nopath,60,,descriptive-only,-0.16285445601851853,-22513,138240,,,,,,
confirmation,120,half-minus-full,same_distribution,fhs3-minus-matched-binary,failure_risk,60,,descriptive-only,0.10625,17,160,,,,,,
confirmation,120,half-minus-full,same_distribution,fhs5-minus-matched-binary,normalized_restricted_tau_nopath,60,,descriptive-only,-0.21009982638888888,-48407,230400,,,,,,
confirmation,120,half-minus-full,same_distribution,fhs5-minus-matched-binary,failure_risk,60,,descriptive-only,0.14791666666666667,71,480,,,,,,
confirmation,120,half-minus-full,same_distribution,nch-minus-matched-binary,normalized_restricted_tau_nopath,60,,descriptive-only,-0.16506655092592593,-57047,345600,,,,,,
confirmation,120,half-minus-full,same_distribution,nch-minus-matched-binary,failure_risk,60,,descriptive-only,0.23333333333333334,7,30,,,,,,
confirmation,120,half-minus-full,same_distribution,DA-minus-FHS5,normalized_restricted_tau_nopath,60,,descriptive-only,-7.523148148148149e-05,-13,172800,,,,,,
confirmation,120,half-minus-full,same_distribution,DA-minus-FHS5,failure_risk,60,,descriptive-only,0.0,0,1,,,,,,
confirmation,120,half-minus-full,distribution_shift,demand-aware-minus-matched-binary,normalized_restricted_tau_nopath,60,,descriptive-only,-0.2078125,-133,640,,,,,,
confirmation,120,half-minus-full,distribution_shift,demand-aware-minus-matched-binary,failure_risk,60,,descriptive-only,0.16944444444444445,61,360,,,,,,
confirmation,120,half-minus-full,distribution_shift,fhs3-minus-matched-binary,normalized_restricted_tau_nopath,60,,descriptive-only,-0.1734008487654321,-89891,518400,,,,,,
confirmation,120,half-minus-full,distribution_shift,fhs3-minus-matched-binary,failure_risk,60,,descriptive-only,0.15833333333333333,19,120,,,,,,
confirmation,120,half-minus-full,distribution_shift,fhs5-minus-matched-binary,normalized_restricted_tau_nopath,60,,descriptive-only,-0.2078125,-133,640,,,,,,
confirmation,120,half-minus-full,distribution_shift,fhs5-minus-matched-binary,failure_risk,60,,descriptive-only,0.16944444444444445,61,360,,,,,,
confirmation,120,half-minus-full,distribution_shift,nch-minus-matched-binary,normalized_restricted_tau_nopath,60,,descriptive-only,-0.14490162037037038,-25039,172800,,,,,,
confirmation,120,half-minus-full,distribution_shift,nch-minus-matched-binary,failure_risk,60,,descriptive-only,0.2638888888888889,19,72,,,,,,
confirmation,120,half-minus-full,distribution_shift,DA-minus-FHS5,normalized_restricted_tau_nopath,60,,descriptive-only,0.0,0,1,,,,,,
confirmation,120,half-minus-full,distribution_shift,DA-minus-FHS5,failure_risk,60,,descriptive-only,0.0,0,1,,,,,,
confirmation,240,half-minus-full,combined,demand-aware-minus-matched-binary,normalized_restricted_tau_nopath,60,,pointwise-unadjusted-95-percent,-0.19092840608465608,-230947,1209600,-0.2045027281746032,-164911,806400,-0.17674603174603173,-2227,12600
confirmation,240,half-minus-full,combined,demand-aware-minus-matched-binary,failure_risk,60,,pointwise-unadjusted-95-percent,0.18214285714285713,51,280,0.1380952380952381,29,210,0.2261904761904762,19,84
confirmation,240,half-minus-full,combined,fhs3-minus-matched-binary,normalized_restricted_tau_nopath,60,,pointwise-unadjusted-95-percent,-0.1359796626984127,-54827,403200,-0.15776785714285715,-1767,11200,-0.11417080026455026,-138101,1209600
confirmation,240,half-minus-full,combined,fhs3-minus-matched-binary,failure_risk,60,,pointwise-unadjusted-95-percent,0.047619047619047616,1,21,0.007142857142857143,1,140,0.09047619047619047,19,210
confirmation,240,half-minus-full,combined,fhs5-minus-matched-binary,normalized_restricted_tau_nopath,60,,pointwise-unadjusted-95-percent,-0.19092840608465608,-230947,1209600,-0.2045027281746032,-164911,806400,-0.17674603174603173,-2227,12600
confirmation,240,half-minus-full,combined,fhs5-minus-matched-binary,failure_risk,60,,pointwise-unadjusted-95-percent,0.18214285714285713,51,280,0.1380952380952381,29,210,0.2261904761904762,19,84
confirmation,240,half-minus-full,combined,nch-minus-matched-binary,normalized_restricted_tau_nopath,60,,pointwise-unadjusted-95-percent,-0.1662991898148148,-57473,345600,-0.18544684193121694,-448633,2419200,-0.1481555886243386,-179209,1209600
confirmation,240,half-minus-full,combined,nch-minus-matched-binary,failure_risk,60,,pointwise-unadjusted-95-percent,0.19523809523809524,41,210,0.1595238095238095,67,420,0.23095238095238096,97,420
confirmation,240,half-minus-full,combined,DA-minus-FHS5,normalized_restricted_tau_nopath,60,,pointwise-unadjusted-95-percent,0.0,0,1,0.0,0,1,0.0,0,1
confirmation,240,half-minus-full,combined,DA-minus-FHS5,failure_risk,60,,pointwise-unadjusted-95-percent,0.0,0,1,0.0,0,1,0.0,0,1
confirmation,240,half-minus-full,same_distribution,demand-aware-minus-matched-binary,normalized_restricted_tau_nopath,60,,descriptive-only,-0.2001171875,-5123,25600,,,,,,
confirmation,240,half-minus-full,same_distribution,demand-aware-minus-matched-binary,failure_risk,60,,descriptive-only,0.16458333333333333,79,480,,,,,,
confirmation,240,half-minus-full,same_distribution,fhs3-minus-matched-binary,normalized_restricted_tau_nopath,60,,descriptive-only,-0.1333181423611111,-61433,460800,,,,,,
confirmation,240,half-minus-full,same_distribution,fhs3-minus-matched-binary,failure_risk,60,,descriptive-only,0.05,1,20,,,,,,
confirmation,240,half-minus-full,same_distribution,fhs5-minus-matched-binary,normalized_restricted_tau_nopath,60,,descriptive-only,-0.2001171875,-5123,25600,,,,,,
confirmation,240,half-minus-full,same_distribution,fhs5-minus-matched-binary,failure_risk,60,,descriptive-only,0.16458333333333333,79,480,,,,,,
confirmation,240,half-minus-full,same_distribution,nch-minus-matched-binary,normalized_restricted_tau_nopath,60,,descriptive-only,-0.16768446180555555,-77269,460800,,,,,,
confirmation,240,half-minus-full,same_distribution,nch-minus-matched-binary,failure_risk,60,,descriptive-only,0.20833333333333334,5,24,,,,,,
confirmation,240,half-minus-full,same_distribution,DA-minus-FHS5,normalized_restricted_tau_nopath,60,,descriptive-only,0.0,0,1,,,,,,
confirmation,240,half-minus-full,same_distribution,DA-minus-FHS5,failure_risk,60,,descriptive-only,0.0,0,1,,,,,,
confirmation,240,half-minus-full,distribution_shift,demand-aware-minus-matched-binary,normalized_restricted_tau_nopath,60,,descriptive-only,-0.1786766975308642,-46313,259200,,,,,,
confirmation,240,half-minus-full,distribution_shift,demand-aware-minus-matched-binary,failure_risk,60,,descriptive-only,0.20555555555555555,37,180,,,,,,
confirmation,240,half-minus-full,distribution_shift,fhs3-minus-matched-binary,normalized_restricted_tau_nopath,60,,descriptive-only,-0.13952835648148149,-48221,345600,,,,,,
confirmation,240,half-minus-full,distribution_shift,fhs3-minus-matched-binary,failure_risk,60,,descriptive-only,0.044444444444444446,2,45,,,,,,
confirmation,240,half-minus-full,distribution_shift,fhs5-minus-matched-binary,normalized_restricted_tau_nopath,60,,descriptive-only,-0.1786766975308642,-46313,259200,,,,,,
confirmation,240,half-minus-full,distribution_shift,fhs5-minus-matched-binary,failure_risk,60,,descriptive-only,0.20555555555555555,37,180,,,,,,
confirmation,240,half-minus-full,distribution_shift,nch-minus-matched-binary,normalized_restricted_tau_nopath,60,,descriptive-only,-0.16445216049382716,-21313,129600,,,,,,
confirmation,240,half-minus-full,distribution_shift,nch-minus-matched-binary,failure_risk,60,,descriptive-only,0.17777777777777778,8,45,,,,,,
confirmation,240,half-minus-full,distribution_shift,DA-minus-FHS5,normalized_restricted_tau_nopath,60,,descriptive-only,0.0,0,1,,,,,,
confirmation,240,half-minus-full,distribution_shift,DA-minus-FHS5,failure_risk,60,,descriptive-only,0.0,0,1,,,,,,
