phase,node_count,family,role,independent_parents,zero_service_trace_panels,trace_panels,zero_service_parents,accepted_request_count_per_attempt,accepted_value_per_attempt,arity_log2_exposure_per_attempt,quadratic_coordination_exposure_per_attempt,signaled_participant_slots_per_attempt,traversed_hyperedge_count_per_attempt,unique_signaled_participants_per_attempt,traversed_hyperedge_count_per_success,traversed_hyperedge_count_lower,traversed_hyperedge_count_upper,traversed_hyperedge_count_exact,signaled_participant_slots_per_success,signaled_participant_slots_lower,signaled_participant_slots_upper,signaled_participant_slots_exact,unique_signaled_participants_per_success,unique_signaled_participants_lower,unique_signaled_participants_upper,unique_signaled_participants_exact,quadratic_coordination_exposure_per_success,quadratic_coordination_exposure_lower,quadratic_coordination_exposure_upper,quadratic_coordination_exposure_exact,arity_log2_exposure_per_success,arity_log2_exposure_lower,arity_log2_exposure_upper,arity_log2_exposure_exact
formal,30,demand-aware,source,60,0,420,0,0.9991468253968254,2.1019113756613756,18.81928932794765,40.36690476190476,8.248068783068783,1.7137632275132275,7.388895502645503,1.7152266153000908,1.704694655478201,1.7261357768038028,259121/151071,8.25511183483263,8.208128144029653,8.304078160889107,1247108/151071,7.395204903654573,7.360474428640452,7.431910091536665,1117201/151071,40.40137418829557,40.13438217411727,40.67795184314245,2034492/50357,18.835359178040026,18.715273231715365,18.960311289806093,
formal,30,demand-aware,binary_panel,60,0,420,0,0.9660681216931217,2.0112533068783067,5.987162698412698,11.974325396825396,5.987162698412698,2.993581349206349,3.9596494708994707,3.098726975857383,3.054186702834518,3.1424979676957956,905259/292139,6.197453951714766,6.108373405669036,6.284995935391591,1810518/292139,4.0987269758573825,4.054186702834518,4.142497967695796,1197398/292139,12.394907903429532,12.216746811338073,12.569991870783182,3621036/292139,6.197453951714766,6.108373405669036,6.284995935391591,
formal,30,fhs3,source,60,0,420,0,0.9951322751322751,2.0910780423280424,8.907020111257362,16.883505291005292,5.7036772486772485,1.9391468253968254,4.740337301587301,1.9486322309655466,1.9378424271368118,1.9596653620482287,293199/150464,5.731576988515525,5.698394792198916,5.764618480317689,215599/37616,4.763524829859634,4.741146134471094,4.785843050908341,716739/150464,16.966091556784345,16.858835798885355,17.071719771486336,1276393/75232,8.95058911648044,8.893143050101262,9.006863873666983,
formal,30,fhs3,binary_panel,60,0,420,0,0.9785813492063492,2.0454794973544974,5.0130489417989414,10.026097883597883,5.0130489417989414,2.5065244708994707,3.48510582010582,2.5613859010621005,2.5407622178642915,2.58173492456776,757973/295923,5.122771802124201,5.081524435728583,5.16346984913552,1515946/295923,3.5613859010621005,3.5407622178642915,3.58173492456776,1053896/295923,10.245543604248402,10.163048871457166,10.32693969827104,3031892/295923,5.122771802124201,5.081524435728583,5.16346984913552,
formal,30,fhs5,source,60,0,420,0,0.9986640211640212,2.1008333333333336,18.855517867895905,40.445099206349205,8.266011904761905,1.7186574074074075,7.397539682539683,1.7209565689611783,1.7103307099133476,1.7317947494665977,259861/150998,8.277069894965496,8.229702878488826,8.326480432117176,1249821/150998,7.407435860077617,7.372454653779955,7.444454021083339,559254/75499,40.49920528748725,40.23003218159425,40.77773875008284,6115299/150998,18.880742139802255,18.75886864808366,19.005877294378177,
formal,30,fhs5,binary_panel,60,0,420,0,0.9660681216931217,2.0112533068783067,5.987162698412698,11.974325396825396,5.987162698412698,2.993581349206349,3.9596494708994707,3.098726975857383,3.054186702834518,3.1424979676957956,905259/292139,6.197453951714766,6.108373405669036,6.284995935391591,1810518/292139,4.0987269758573825,4.054186702834518,4.142497967695796,1197398/292139,12.394907903429532,12.216746811338073,12.569991870783182,3621036/292139,6.197453951714766,6.108373405669036,6.284995935391591,
formal,30,nch,source,60,0,420,0,1.0,2.1041666666666665,30.81323631035716,89.44844576719576,10.171170634920635,1.3299867724867724,9.533617724867725,1.3299867724867724,1.322903439153439,1.3371428571428572,100547/75600,10.171170634920635,10.034960317460317,10.314126984126984,512627/50400,9.533617724867725,9.401514550264551,9.672453703703704,1441483/151200,89.44844576719576,85.82902116402117,93.57119708994709,2704921/30240,30.81323631035716,30.12210024388202,31.55995435862211,
formal,30,nch,binary_panel,60,0,420,0,0.9879265873015873,2.0690476190476192,4.287850529100529,8.575701058201059,4.287850529100529,2.1439252645502647,3.131851851851852,2.170126092472276,2.1549490655330072,2.185833537028418,648323/298749,4.340252184944552,4.3098981310660145,4.371667074056836,1296646/298749,3.170126092472276,3.1549490655330072,3.185833537028418,947072/298749,8.680504369889103,8.619796262132029,8.743334148113671,2593292/298749,4.340252184944552,4.3098981310660145,4.371667074056836,
formal,60,demand-aware,source,60,0,420,0,0.9997784391534391,2.0999272486772487,21.591565212961044,46.328121693121695,9.451183862433862,1.9585548941798943,8.407149470899471,1.958988929425501,1.9526245816411572,1.9653657455346656,592267/302333,9.45327833878538,9.422028847457739,9.484542390596111,66466/7031,8.40901257884518,8.38112151758076,8.436721422097554,2542322/302333,46.33838846569842,46.1375917068556,46.535618839716875,14009624/302333,21.596350118575938,21.507891187029323,21.683573367115965,
formal,60,demand-aware,binary_panel,60,0,420,0,0.9596412037037036,1.9908300264550265,6.739801587301588,13.479603174603175,6.739801587301588,3.369900793650794,4.3295419973544975,3.511625783308149,3.485110614740819,3.5386128627215276,2038116/580391,7.023251566616298,6.970221229481638,7.077225725443055,4076232/580391,4.5116257833081495,4.485110614740819,4.538612862721528,2618507/580391,14.046503133232596,13.940442458963275,14.15445145088611,8152464/580391,7.023251566616298,6.970221229481638,7.077225725443055,
formal,60,fhs3,source,60,0,420,0,0.9955522486772487,2.088306878306878,10.381861565483769,19.680803571428573,6.653938492063492,2.2648148148148146,5.3715542328042325,2.2749331517496802,2.266971407310453,2.2832157368676556,136976/60211,6.683665775356663,6.66064095030361,6.707874353274252,2012151/301055,5.395552307717859,5.379874464481419,5.411971410368719,1624358/301055,19.768729966285232,19.695033882540525,19.846068248026068,1190295/60211,10.428243800642047,10.389004443404174,10.469495162961131,
formal,60,fhs3,binary_panel,60,0,420,0,0.971931216931217,2.0240178571428573,5.8557539682539685,11.711507936507937,5.8557539682539685,2.9278769841269843,3.899808201058201,3.0124322926590272,2.996857285068027,3.028363912679766,442695/146956,6.0248645853180545,5.993714570136054,6.056727825359532,442695/73478,4.012432292659027,3.996857285068027,4.028363912679766,589651/146956,12.049729170636109,11.987429140272107,12.113455650719064,442695/36739,6.0248645853180545,5.993714570136054,6.056727825359532,
formal,60,fhs5,source,60,0,420,0,0.9997718253968254,2.0998776455026453,21.618576958187617,46.38637566137566,9.462228835978836,1.9604464285714285,8.41589947089947,1.9608938547486034,1.9545382381541434,1.9673798701943115,351/179,9.464388369039233,9.43266575156697,9.49590265624328,2861378/302331,8.417820203684041,8.389975194311228,8.445559487976714,2544968/302331,46.396962269830084,46.19527541342614,46.594043783451205,14027240/302331,21.623510894205143,21.53387969663557,21.710723305041785,
formal,60,fhs5,binary_panel,60,0,420,0,0.9596412037037036,1.9908300264550265,6.739801587301588,13.479603174603175,6.739801587301588,3.369900793650794,4.3295419973544975,3.511625783308149,3.485110614740819,3.5386128627215276,2038116/580391,7.023251566616298,6.970221229481638,7.077225725443055,4076232/580391,4.5116257833081495,4.485110614740819,4.538612862721528,2618507/580391,14.046503133232596,13.940442458963275,14.15445145088611,8152464/580391,7.023251566616298,6.970221229481638,7.077225725443055,
formal,60,nch,source,60,0,420,0,0.9999966931216931,2.1005853174603173,41.944749220174195,135.1708597883598,13.046851851851851,1.5380820105820106,12.121924603174604,1.5380870968488651,1.532219128433389,1.5438955026455026,465116/302399,13.046894996345888,12.90637566137566,13.193621672029339,3945368/302399,12.12196468903667,11.98339941600336,12.268846148758582,3665670/302399,135.1713067834219,129.78131283068782,141.36243745804356,40875668/302399,41.94488792681417,41.14092732669572,42.81119314937852,
formal,60,nch,binary_panel,60,0,420,0,0.9838558201058201,2.0535763888888887,5.059212962962963,10.118425925925926,5.059212962962963,2.5296064814814816,3.5134623015873014,2.571115024973279,2.5566235097418146,2.58587846890113,764953/297518,5.142230049946558,5.113247019483629,5.17175693780226,764953/148759,3.571115024973279,3.5566235097418146,3.58587846890113,1062471/297518,10.284460099893115,10.226494038967259,10.34351387560452,1529906/148759,5.142230049946558,5.113247019483629,5.17175693780226,
formal,120,demand-aware,source,60,0,420,0,0.9998214285714285,2.0943882275132277,24.56684293587867,52.716911375661375,10.739113756613756,2.218148148148148,9.468766534391534,2.218544316776144,2.213857767708755,2.223428677280531,335384/151173,10.741031798006258,10.715346837536172,10.767591238944492,147614/13743,9.470457687550025,9.44903942507714,9.492269405033568,260305/27486,52.7263267911598,52.57109545159119,52.88558837147771,7970797/151173,24.571230655638608,24.502122146224252,24.642288060848813,
formal,120,demand-aware,binary_panel,60,0,420,0,0.963499503968254,1.992752976190476,7.521979166666667,15.043958333333334,7.521979166666667,3.7609895833333336,4.7244890873015875,3.9034681054254627,3.8848886702310934,3.922926927984414,1516431/388483,7.8069362108509255,7.769777340462187,7.845853855968828,3032862/388483,4.903468105425462,4.884888670231094,4.922926927984414,1904914/388483,15.613872421701851,15.539554680924374,15.691707711937656,6065724/388483,7.8069362108509255,7.769777340462187,7.845853855968828,
formal,120,fhs3,source,60,0,420,0,0.9956547619047619,2.083125,11.79117545945325,22.349343584656086,7.546579034391534,2.5639252645502646,5.971003637566137,2.57511475126708,2.5691709835962206,2.581210371000545,775331/301086,7.579513826614323,7.560730905945501,7.599553282822827,4564171/602172,5.997062301136553,5.983599865254382,6.011647904291115,3611263/602172,22.446880625469134,22.383542983208073,22.514936655026563,13516883/602172,11.842634526144233,11.808679618484405,11.87915792924872,
formal,120,fhs3,binary_panel,60,0,420,0,0.9726463293650793,2.0190806878306877,6.6209573412698415,13.241914682539683,6.6209573412698415,3.3104786706349207,4.283125,3.403579050975212,3.393417061015671,3.4140707728446307,1334785/392171,6.807158101950424,6.786834122031342,6.828141545689261,2669570/392171,4.403579050975212,4.393417061015671,4.414070772844631,1726956/392171,13.614316203900849,13.573668244062684,13.656283091378523,5339140/392171,6.807158101950424,6.786834122031342,6.828141545689261,
formal,120,fhs5,source,60,0,420,0,0.9998214285714285,2.0943882275132277,24.55670715040083,52.69417328042328,10.735198412698413,2.217526455026455,9.465573743386244,2.217922512617994,2.213285886494683,2.222751629014653,335290/151173,10.737115754797484,10.71239420968558,10.762676045857496,541054/50391,9.467264326301654,9.44711265753914,9.488121325383897,5724779/604692,52.703584634822356,52.553593342220076,52.858727736042184,7967359/151173,24.561093059875805,24.494893952140412,24.629080900203853,
formal,120,fhs5,binary_panel,60,0,420,0,0.963499503968254,1.992752976190476,7.521979166666667,15.043958333333334,7.521979166666667,3.7609895833333336,4.7244890873015875,3.9034681054254627,3.8848886702310934,3.922926927984414,1516431/388483,7.8069362108509255,7.769777340462187,7.845853855968828,3032862/388483,4.903468105425462,4.884888670231094,4.922926927984414,1904914/388483,15.613872421701851,15.539554680924374,15.691707711937656,6065724/388483,7.8069362108509255,7.769777340462187,7.845853855968828,
formal,120,nch,source,60,0,420,0,0.9999801587301588,2.0948677248677248,55.69774733361581,209.8170568783069,16.22078373015873,1.7217460317460318,15.099300595238095,1.7217801940514692,1.716741845022355,1.7266759702637635,86776/50399,16.221105577491617,15.91766067560641,16.53377094718045,1635055/100798,15.09960019047997,14.803598652076285,15.405752098255919,3044019/201596,209.82121999775129,193.87463272436264,227.29629102958611,31724339/151197,55.69885246957751,53.83029708131815,57.65878464480592,
formal,120,nch,binary_panel,60,0,420,0,0.982806712962963,2.0456878306878306,5.784882605820106,11.569765211640211,5.784882605820106,2.892441302910053,3.875248015873016,2.943041866482504,2.9326169558920743,2.9533410652154517,3498697/1188803,5.886083732965008,5.8652339117841485,5.906682130430903,6997394/1188803,3.943041866482504,3.9326169558920743,3.9533410652154517,4687500/1188803,11.772167465930016,11.730467823568297,11.813364260861807,13994788/1188803,5.886083732965008,5.8652339117841485,5.906682130430903,
formal,240,demand-aware,source,60,0,420,0,0.9999222883597884,2.1038888888888887,27.53104122543285,59.102992724867725,12.019012896825396,2.4762161044973543,10.511165674603175,2.47640855026763,2.4737410851149324,2.4793020883113104,2995231/1209506,12.019946986620985,12.001601478949688,12.039311133359403,7269099/604753,10.511982578011189,10.495586730096054,10.52911538089478,6357153/604753,59.107586072330356,58.99068067761858,59.22990377889816,35745490/604753,27.533180874078816,27.480890611848356,27.587647756950457,
formal,240,demand-aware,binary_panel,60,0,420,0,0.9626074735449736,1.9996077215608465,8.4,16.8,8.4,4.2,5.162607473544973,4.363149170796224,4.349654772322958,4.37729252155535,508032/116437,8.726298341592448,8.699309544645915,8.7545850431107,1016064/116437,5.363149170796224,5.349654772322958,5.37729252155535,624469/116437,17.452596683184897,17.39861908929183,17.5091700862214,2032128/116437,8.726298341592448,8.699309544645915,8.7545850431107,
formal,240,fhs3,source,60,0,420,0,0.9963136574074074,2.0935896164021166,13.238325725280783,25.088781415343917,8.460618386243386,2.8690517526455026,6.583611937830688,2.879667192469595,2.8748893855767914,2.884991672741221,3470405/1205141,8.49192252192897,8.477059821402648,8.50860403345464,10233964/1205141,6.607971183454882,6.59759115274387,6.619392438635174,7963537/1205141,25.181609454827278,25.133225577067165,25.23462720856268,30347390/1205141,13.287307292092489,13.261535041341128,13.315549219614516,
formal,240,fhs3,binary_panel,60,0,420,0,0.9700880456349207,2.02002521494709,7.458688822751323,14.917377645502645,7.458688822751323,3.7293444113756613,4.699432457010582,3.8443360148148336,3.833767793539403,3.8550614261713934,9022030/2346837,7.688672029629667,7.667535587078806,7.710122852342787,18044060/2346837,4.844336014814834,4.833767793539403,4.855061426171393,11368867/2346837,15.377344059259334,15.335071174157612,15.420245704685573,36088120/2346837,7.688672029629667,7.667535587078806,7.710122852342787,
formal,240,fhs5,source,60,0,420,0,0.9999222883597884,2.1038888888888887,27.531249632160613,59.1034482473545,12.019109623015874,2.476240079365079,10.511260747354497,2.476432526998626,2.4737521795674184,2.4793493447976522,1497630/604753,12.020043720328795,12.001646151098647,12.039420649809466,14538315/1209506,10.512077658151345,10.495670902611845,10.52928609460313,12714421/1209506,59.10804163021928,58.99090621220051,59.23036130632493,71491531/1209506,27.53338929700347,27.4810596093954,27.587872325347192,
formal,240,fhs5,binary_panel,60,0,420,0,0.9626074735449736,1.9996077215608465,8.4,16.8,8.4,4.2,5.162607473544973,4.363149170796224,4.349654772322958,4.37729252155535,508032/116437,8.726298341592448,8.699309544645915,8.7545850431107,1016064/116437,5.363149170796224,5.349654772322958,5.37729252155535,624469/116437,17.452596683184897,17.39861908929183,17.5091700862214,2032128/116437,8.726298341592448,8.699309544645915,8.7545850431107,
formal,240,nch,source,60,0,420,0,0.9999727182539683,2.1039823082010582,73.10582661306236,329.6738897156085,19.857201554232805,1.8834598214285714,18.579191468253967,1.883511206902966,1.8805151922008518,1.8864446757481383,759411/403189,19.8577433081425,19.59523744565177,20.14384828938644,24019271/1209567,18.579698354865833,18.327907940001275,18.855112734463876,7491130/403189,329.6828840403219,312.30158161945064,349.2691468543494,398773537/1209567,73.10782112207116,71.43877463169913,74.96120447151678,
formal,240,nch,binary_panel,60,0,420,0,0.9809809027777778,2.048083664021164,6.541693121693122,13.083386243386244,6.541693121693122,3.270846560846561,4.2518274636243385,3.334261198749868,3.3247304629027266,3.3438934732860806,7912832/2373189,6.668522397499736,6.649460925805453,6.687786946572161,15825664/2373189,4.334261198749868,4.324730462902727,4.343893473286081,10286021/2373189,13.337044794999471,13.298921851610906,13.375573893144322,31651328/2373189,6.668522397499736,6.649460925805453,6.687786946572161,
confirmation,30,demand-aware,source,60,0,420,0,0.999702380952381,2.090925925925926,18.820170757266204,40.35810846560847,8.257949735449735,1.7199603174603175,7.387830687830688,1.7204723628063907,1.7099452265029635,1.7317297572793042,86686/50385,8.260408190268267,8.20591542959964,8.315495640900131,1248602/151155,7.390030101551388,7.3500297678110735,7.429354046883374,223408/30231,40.37012338328206,40.0638485103117,40.67242873492501,6102146/151155,18.8257736660954,18.68710683428225,18.963763908161443,
confirmation,30,demand-aware,binary_panel,60,0,420,0,0.9606944444444444,1.9849966931216931,5.91316798941799,11.82633597883598,5.91316798941799,2.956583994708995,3.917278439153439,3.077548758407512,3.0229685070985144,3.134593748387208,894071/290514,6.155097516815024,6.045937014197029,6.269187496774416,894071/145257,4.077548758407512,4.022968507098515,4.134593748387208,1184585/290514,12.310195033630048,12.091874028394058,12.538374993548832,1788142/145257,6.155097516815024,6.045937014197029,6.269187496774416,
confirmation,30,fhs3,source,60,0,420,0,0.9938756613756614,2.075727513227513,8.912835581821165,16.896309523809524,5.713531746031746,1.9452248677248678,4.741699735449735,1.9572114936715599,1.9452609697922636,1.9696204214584856,147059/75137,5.748738970147863,5.715313613874555,5.783694276004531,431943/75137,4.770918455621065,4.749264515443516,4.793510559798975,716945/150274,17.000425888709955,16.89971685697954,17.10584780557807,1277361/75137,8.967757163390608,8.91428450990678,9.024025629435588,
confirmation,30,fhs3,binary_panel,60,0,420,0,0.9730191798941799,2.0187136243386243,5.005271164021164,10.010542328042328,5.005271164021164,2.502635582010582,3.475654761904762,2.5720310901607863,2.548591513422648,2.595568715540127,756797/294241,5.144062180321573,5.097183026845296,5.191137431080254,1513594/294241,3.5720310901607863,3.548591513422648,3.595568715540127,1051038/294241,10.288124360643145,10.194366053690592,10.382274862160507,3027188/294241,5.144062180321573,5.097183026845296,5.191137431080254,
confirmation,30,fhs5,source,60,0,420,0,0.9993915343915344,2.0900859788359787,18.884909531295733,40.493776455026456,8.290099206349206,1.728399470899471,7.408895502645502,1.729451782830823,1.719137252307387,1.740532133165663,130667/75554,8.295146517722424,8.238629448339728,8.352118458869183,1253463/151108,7.413406305423935,7.37176212095141,7.454791019775826,1120225/151108,40.51843052651084,40.19984380997763,40.83721176571841,6122659/151108,18.8964073452889,18.7509777240153,19.041094076772627,
confirmation,30,fhs5,binary_panel,60,0,420,0,0.9606944444444444,1.9849966931216931,5.91316798941799,11.82633597883598,5.91316798941799,2.956583994708995,3.917278439153439,3.077548758407512,3.0229685070985144,3.134593748387208,894071/290514,6.155097516815024,6.045937014197029,6.269187496774416,894071/145257,4.077548758407512,4.022968507098515,4.134593748387208,1184585/290514,12.310195033630048,12.091874028394058,12.538374993548832,1788142/145257,6.155097516815024,6.045937014197029,6.269187496774416,
confirmation,30,nch,source,60,0,420,0,0.9999404761904762,2.091547619047619,30.548991278388897,87.87063492063493,10.128505291005292,1.332281746031746,9.4967791005291,1.3323610532372958,1.3236772486772488,1.341038818448188,67147/50397,10.129108214113273,9.984205409052127,10.285939153439154,1531430/151191,9.497344418649257,9.353281610677884,9.6539417989418,1435913/151191,87.87586562692223,83.84663108253798,92.85033068783069,4428680/50397,30.55080977897098,29.798458768595356,31.39554452987905,
confirmation,30,nch,binary_panel,60,0,420,0,0.9861011904761905,2.053065476190476,4.296699735449735,8.59339947089947,4.296699735449735,2.1483498677248676,3.134451058201058,2.178630234375262,2.1618698404931007,2.195771576269133,649661/298197,4.357260468750524,4.323739680986201,4.391543152538266,1299322/298197,3.178630234375262,3.1618698404931007,3.195771576269133,947858/298197,8.714520937501048,8.647479361972403,8.783086305076532,2598644/298197,4.357260468750524,4.323739680986201,4.391543152538266,
confirmation,60,demand-aware,source,60,0,420,0,0.9997718253968254,2.092519841269841,21.604885245024516,46.353005952380954,9.462966269841269,1.9638194444444443,8.409808201058201,1.964267640433829,1.9575094337126662,1.9711520651972587,197953/100777,9.465125971203747,9.426196595190136,9.50516548404704,953867/100777,8.411727543652487,8.380122761065692,8.444294161221196,2543126/302331,46.363584944977525,46.13101215164084,46.60421368205793,4672383/100777,21.60981605622782,21.50528501609548,21.717329648156653,
confirmation,60,demand-aware,binary_panel,60,0,420,0,0.9622205687830688,1.99,6.7528835978835975,13.505767195767195,6.7528835978835975,3.3764417989417987,4.338662367724868,3.509010208763281,3.483302728970165,3.5356521649278587,2042072/581951,7.018020417526562,6.96660545794033,7.071304329855717,4084144/581951,4.50901020876328,4.483302728970164,4.535652164927859,2624023/581951,14.036040835053123,13.93321091588066,14.142608659711435,8168288/581951,7.018020417526562,6.96660545794033,7.071304329855717,
confirmation,60,fhs3,source,60,0,420,0,0.9957738095238096,2.081531084656085,10.353229886077981,19.62534060846561,6.63150462962963,2.2553637566137565,5.360701058201058,2.2649358067494236,2.256903904551715,2.272799183719593,341011/150561,6.65964957724776,6.6358709343799305,6.6833230413736775,2005367/301122,5.383452554114279,5.3673460578046965,5.399779863861427,810538/150561,19.708633045742257,19.634310904995715,19.78381034597251,5934703/301122,10.397170308213886,10.357548149738873,10.437251959502655,
confirmation,60,fhs3,binary_panel,60,0,420,0,0.9727612433862434,2.0196428571428573,5.825975529100529,11.651951058201059,5.825975529100529,2.9129877645502646,3.885749007936508,2.9945557395049685,2.977559096027105,3.0120057132861078,1761775/588326,5.989111479009937,5.95511819205421,6.0240114265722156,1761775/294163,3.9945557395049685,3.977559096027105,4.012005713286108,2350101/588326,11.978222958019874,11.91023638410842,12.048022853144431,3523550/294163,5.989111479009937,5.95511819205421,6.0240114265722156,
confirmation,60,fhs5,source,60,0,420,0,0.9997817460317461,2.092579365079365,21.62519242130263,46.39656415343915,9.471742724867726,1.9655687830687831,8.416372354497355,1.9659978699054688,1.9592957112998386,1.9729307686708881,297194/151167,9.473810421586721,9.435170424854975,9.514283729515517,2864255/302334,8.418209662161715,8.387100508346204,8.450295570250448,2545111/302334,46.40669259825226,46.17475179087596,46.64703839207151,14030321/302334,21.62991323569931,21.5261405103162,21.737473750854498,
confirmation,60,fhs5,binary_panel,60,0,420,0,0.9622205687830688,1.99,6.7528835978835975,13.505767195767195,6.7528835978835975,3.3764417989417987,4.338662367724868,3.509010208763281,3.483302728970165,3.5356521649278587,2042072/581951,7.018020417526562,6.96660545794033,7.071304329855717,4084144/581951,4.50901020876328,4.483302728970164,4.535652164927859,2624023/581951,14.036040835053123,13.93321091588066,14.142608659711435,8168288/581951,7.018020417526562,6.96660545794033,7.071304329855717,
confirmation,60,nch,source,60,0,420,0,0.9999636243386243,2.0931712962962963,41.616938830634474,133.06007605820105,12.979666005291005,1.537959656084656,12.053779761904762,1.5380156024194003,1.5321423729037762,1.5437994827666033,465079/302389,12.980138166401556,12.85176831647805,13.111341515443154,3925051/302389,12.054218242065684,11.930447982326756,12.181220172836321,3645063/302389,133.06491638254036,128.31351669538245,138.30314814814815,40237367/302389,41.618452729377935,40.89875891296574,42.37308251353853,
confirmation,60,nch,binary_panel,60,0,420,0,0.9832539682539683,2.0462929894179895,5.044001322751323,10.088002645502646,5.044001322751323,2.5220006613756616,3.5052546296296296,2.564953453332257,2.5514932911568993,2.5787613422330344,762653/297336,5.129906906664514,5.1029865823137985,5.157522684466069,762653/148668,3.564953453332257,3.5514932911568993,3.5787613422330344,1059989/297336,10.259813813329028,10.205973164627597,10.315045368932138,762653/74334,5.129906906664514,5.1029865823137985,5.157522684466069,
confirmation,120,demand-aware,source,60,0,420,0,0.9997982804232804,2.090621693121693,24.54413796464763,52.676987433862436,10.727896825396826,2.2158647486772485,9.459434523809524,2.216311822159893,2.2119602164179226,2.2207517966458203,1340155/604678,10.730061288818181,10.709105734624748,10.752299449322816,3244116/302339,9.461343061927174,9.443139628532636,9.480020969630418,2860533/302339,52.68761555737103,52.55027119989417,52.824936573619254,15929521/302339,24.54908999669061,24.488986941635357,24.61004709155232,
confirmation,120,demand-aware,binary_panel,60,0,420,0,0.9633870701058201,1.9894444444444443,7.563955026455027,15.127910052910053,7.563955026455027,3.7819775132275133,4.745364583333333,3.925709230052355,3.903804081324733,3.947654371506015,4574680/1165313,7.85141846010471,7.807608162649466,7.89530874301203,9149360/1165313,4.925709230052355,4.903804081324733,4.947654371506014,5739993/1165313,15.70283692020942,15.615216325298933,15.79061748602406,18298720/1165313,7.85141846010471,7.807608162649466,7.89530874301203,
confirmation,120,fhs3,source,60,0,420,0,0.995271164021164,2.0783449074074074,11.789059948111486,22.3439417989418,7.540433201058201,2.5597040343915345,5.9687731481481485,2.5718659667076453,2.5657296094580233,2.5781034846463946,1548109/601940,7.57626009236801,7.557754158166486,7.595651110841286,2280227/300970,5.997132604578529,5.98422025595412,6.010512760866676,1804957/300970,22.450104661594178,22.38981938530194,22.51302810935439,3378404/150485,11.845073357174845,11.812930275000424,11.87862924258908,
confirmation,120,fhs3,binary_panel,60,0,420,0,0.9718816137566137,2.0137144510582012,6.6427926587301585,13.285585317460317,6.6427926587301585,3.3213963293650792,4.293277943121693,3.4174906514867454,3.404833638816219,3.43126886416439,4017561/1175588,6.834981302973491,6.809667277632438,6.86253772832878,4017561/587794,4.417490651486745,4.4048336388162195,4.43126886416439,5193149/1175588,13.669962605946981,13.619334555264876,13.72507545665756,4017561/293897,6.834981302973491,6.809667277632438,6.86253772832878,
confirmation,120,fhs5,source,60,0,420,0,0.9998032407407408,2.090621693121693,24.549500075682563,52.68816798941799,10.73014880952381,2.2162516534391536,9.461316137566138,2.216687807290125,2.2122737067361675,2.2211666481977965,1340389/604681,10.732260481146257,10.71115308220141,10.754737482758507,6489594/604681,9.463178105480411,9.44523820154485,9.482060877376703,5722204/604681,52.69853691450533,52.562468887525405,52.8371589181966,31865804/604681,24.554331367734083,24.494797296847526,24.615957100264353,
confirmation,120,fhs5,binary_panel,60,0,420,0,0.9633870701058201,1.9894444444444443,7.563955026455027,15.127910052910053,7.563955026455027,3.7819775132275133,4.745364583333333,3.925709230052355,3.903804081324733,3.947654371506015,4574680/1165313,7.85141846010471,7.807608162649466,7.89530874301203,9149360/1165313,4.925709230052355,4.903804081324733,4.947654371506014,5739993/1165313,15.70283692020942,15.615216325298933,15.79061748602406,18298720/1165313,7.85141846010471,7.807608162649466,7.89530874301203,
confirmation,120,nch,source,60,0,420,0,0.9999090608465608,2.0909623015873016,53.947834703302725,193.70539847883597,15.946592261904762,1.7259358465608465,14.834933862433862,1.7260928159802893,1.7218436157915538,1.730354062649359,1043846/604745,15.94804256339449,15.75059818007742,16.151870750548955,9644499/604745,14.836283061455655,14.644385278772294,15.036020750545305,8972168/604745,193.72301548586594,184.6325874949155,203.26633762411436,23430605/120949,53.952741119905895,52.781763740959356,55.17720818219646,
confirmation,120,nch,binary_panel,60,0,420,0,0.98244708994709,2.041508763227513,5.782154431216931,11.564308862433862,5.782154431216931,2.8910772156084654,3.8735243055555557,2.942730702947235,2.9341069184080872,2.951496228619276,3497047/1188368,5.88546140589447,5.8682138368161745,5.902992457238552,3497047/594184,3.942730702947235,3.9341069184080872,3.951496228619276,4685415/1188368,11.77092281178894,11.736427673632349,11.805984914477104,3497047/297092,5.88546140589447,5.8682138368161745,5.902992457238552,
confirmation,240,demand-aware,source,60,0,420,0,0.9999181547619047,2.103328373015873,27.535991948954084,59.10430720899471,12.024885912698412,2.4785722552910054,10.514764384920635,2.4787751312318056,2.4748297024971455,2.4829402271329264,2998081/1209501,12.025870172906016,12.005089512924684,12.047485934212213,4848434/403167,10.515625038755653,10.498539468255654,10.533152266028385,4239553/403167,59.10914501104175,58.989655246539485,59.23040372388362,71492570/1209501,27.53824582324021,27.48424267452725,27.593282936219964,
confirmation,240,demand-aware,binary_panel,60,0,420,0,0.9620560515873016,1.9951099537037038,8.427168485449736,16.85433697089947,8.427168485449736,4.213584242724868,5.175640294312169,4.379770010045519,4.36435787644388,4.395349596359396,10193503/2327406,8.759540020091038,8.72871575288776,8.790699192718792,10193503/1163703,5.379770010045519,5.36435787644388,5.395349596359396,12520909/2327406,17.519080040182075,17.45743150577552,17.581398385437584,20387006/1163703,8.759540020091038,8.72871575288776,8.790699192718792,
confirmation,240,fhs3,source,60,0,420,0,0.9962152777777777,2.092921626984127,13.259542511379106,25.12838458994709,8.472091600529101,2.8720122354497355,6.5918171296296295,2.8829232993256553,2.878402171946903,2.887778351939205,1736993/602511,8.504277930195466,8.48977147451572,8.519580230398608,5123921/602511,6.616860107118376,6.60662945461607,6.627695775696833,569533/86073,25.223849855023392,25.175815403866277,25.274645156737144,15197647/602511,13.309916849455169,13.284292842223698,13.337044024336938,
confirmation,240,fhs3,binary_panel,60,0,420,0,0.9704141865079365,2.019327876984127,7.466969246031746,14.933938492063492,7.466969246031746,3.733484623015873,4.7038988095238095,3.8473104319001408,3.8347386566982395,3.8613994268872625,1505341/391271,7.6946208638002815,7.669477313396479,7.722798853774525,3010682/391271,4.847310431900141,4.8347386566982395,4.861399426887262,1896612/391271,15.389241727600563,15.338954626792958,15.44559770754905,6021364/391271,7.6946208638002815,7.669477313396479,7.722798853774525,
confirmation,240,fhs5,source,60,0,420,0,0.9999181547619047,2.103328373015873,27.535715446252624,59.103643353174604,12.024812334656085,2.478576388888889,10.51464947089947,2.4787792651680323,2.474835216806067,2.4829417114510126,999362/403167,12.025796588841184,12.004976358370559,12.047433133989983,14545213/1209501,10.515510115328553,10.498403512108009,10.53307900663763,12718520/1209501,59.10848110088375,58.988615674634346,59.229741461277065,23830589/403167,27.53796929790647,27.483986299638328,27.59306256405041,
confirmation,240,fhs5,binary_panel,60,0,420,0,0.9620560515873016,1.9951099537037038,8.427168485449736,16.85433697089947,8.427168485449736,4.213584242724868,5.175640294312169,4.379770010045519,4.36435787644388,4.395349596359396,10193503/2327406,8.759540020091038,8.72871575288776,8.790699192718792,10193503/1163703,5.379770010045519,5.36435787644388,5.395349596359396,12520909/2327406,17.519080040182075,17.45743150577552,17.581398385437584,20387006/1163703,8.759540020091038,8.72871575288776,8.790699192718792,
confirmation,240,nch,source,60,0,420,0,0.9999867724867725,2.1035350529100527,72.39122902032663,319.6064417989418,19.7809375,1.8843824404761904,18.508340773809525,1.8844073664995569,1.8813725368618162,1.8874417358781328,2279349/1209584,19.781199156073495,19.513068912720694,20.075400427585727,11963511/604792,18.508585596370324,18.248912639996824,18.792687151175144,22387689/1209584,319.61066945329964,302.2380504371751,338.9379844640802,24162247/75599,72.3921865889323,70.69532333156009,74.25407124796168,
confirmation,240,nch,binary_panel,60,0,420,0,0.9822904265873016,2.0512227182539684,6.535134755291005,13.07026951058201,6.535134755291005,3.2675673776455025,4.249857804232804,3.3264778819007415,3.3178840650791575,3.335896805027292,7904899/2376357,6.652955763801483,6.635768130158315,6.671793610054584,15809798/2376357,4.3264778819007415,4.3178840650791575,4.335896805027292,10281256/2376357,13.305911527602966,13.27153626031663,13.343587220109168,31619596/2376357,6.652955763801483,6.635768130158315,6.671793610054584,
