phase,node_count,comparison,cost,estimate,undefined_bootstrap_draws,lower,upper,exact_estimate
formal,30,demand-aware-minus-matched-binary,traversed_hyperedge_count,-1.3835003605572922,0,-1.4240477500735025,-1.3427444366830332,-61059032570/44133730869
formal,30,demand-aware-minus-matched-binary,signaled_participant_slots,2.057657883117863,0,1.975839484548369,2.139884324974358,90812119234/44133730869
formal,30,demand-aware-minus-matched-binary,unique_signaled_participants,3.2964779277971905,0,3.250793537578044,3.3429648951581736,145485869681/44133730869
formal,30,demand-aware-minus-matched-binary,quadratic_coordination_exposure,28.006466284866036,0,27.7272498851318,28.28465733896831,412009948536/14711243623
formal,30,demand-aware-minus-matched-binary,arity_log2_exposure,12.637905226325259,0,12.511258240750891,12.764648159962434,
formal,30,fhs3-minus-matched-binary,traversed_hyperedge_count,-0.6127536700965539,0,-0.6328706631222396,-0.5930766166787915,-27283321795/44525758272
formal,30,fhs3-minus-matched-binary,signaled_participant_slots,0.608805186391324,0,0.5674756463427029,0.64904599060909,6776878141/11131439568
formal,30,fhs3-minus-matched-binary,unique_signaled_participants,1.2021389287975333,0,1.179409330911827,1.2241301788877514,53526147353/44525758272
formal,30,fhs3-minus-matched-binary,quadratic_coordination_exposure,6.720547952535943,0,6.617317482677031,6.821592789964932,149618746795/22262879136
formal,30,fhs3-minus-matched-binary,arity_log2_exposure,3.8278173143562393,0,3.7739320001568295,3.880796936681609,
formal,30,fhs5-minus-matched-binary,traversed_hyperedge_count,-1.3777704068962047,0,-1.4188360266087374,-1.3364208329113563,-60776765803/44112404722
formal,30,fhs5-minus-matched-binary,signaled_participant_slots,2.0796159432507304,0,1.9974300154001154,2.162839736228441,91736860155/44112404722
formal,30,fhs5-minus-matched-binary,unique_signaled_participants,3.308708884220234,0,3.263560270183623,3.35497529368514,72977552704/22056202361
formal,30,fhs5-minus-matched-binary,quadratic_coordination_exposure,28.104297384057716,0,27.822642114207046,28.386389394293737,1239748140633/44112404722
formal,30,fhs5-minus-matched-binary,arity_log2_exposure,12.683288188087488,0,12.5563545915888,12.810369004509306,
formal,30,nch-minus-matched-binary,traversed_hyperedge_count,-0.8401393199855034,0,-0.8542324445993523,-0.826345768725282,-6324967699/7528474800
formal,30,nch-minus-matched-binary,signaled_participant_slots,5.8309184499760836,0,5.705145179194621,5.964846680612385,29265281741/5018983200
formal,30,nch-minus-matched-binary,unique_signaled_participants,6.363491632395449,0,6.2374010087883835,6.496602732962172,95814772789/15056949600
formal,30,nch-minus-matched-binary,quadratic_coordination_exposure,80.76794139730666,0,77.15205316378214,84.88022657859086,243223764583/3011389920
formal,30,nch-minus-matched-binary,arity_log2_exposure,26.47298412541261,0,25.79296382815651,27.20820020967107,
formal,30,DA-minus-FHS5,traversed_hyperedge_count,-0.005729953661087528,0,-0.00771065543298266,-0.0038918883511442903,-130708373/22811418858
formal,30,DA-minus-FHS5,signaled_participant_slots,-0.021958060132867274,0,-0.030982200385180292,-0.013481034063612896,-500894507/22811418858
formal,30,DA-minus-FHS5,unique_signaled_participants,-0.012230956423043615,0,-0.02000253511445127,-0.004970071610962634,-139502735/11405709429
formal,30,DA-minus-FHS5,quadratic_coordination_exposure,-0.09783109919167998,0,-0.14741884475868972,-0.05034538351067397,-743888727/7603806286
formal,30,DA-minus-FHS5,arity_log2_exposure,-0.045382961762229,0,-0.0680051213699393,-0.023996458339968996,
formal,60,demand-aware-minus-matched-binary,traversed_hyperedge_count,-1.552636853882648,0,-1.5772142263792222,-1.5290491612153383,-272443288231/175471352203
formal,60,demand-aware-minus-matched-binary,signaled_participant_slots,2.4300267721690814,0,2.385554189341966,2.473833525926313,9916281014/4080729121
formal,60,demand-aware-minus-matched-binary,unique_signaled_participants,3.897386795537031,0,3.870721603143001,3.9227077324647013,683879731071/175471352203
formal,60,demand-aware-minus-matched-binary,quadratic_coordination_exposure,32.291885332465824,0,32.10981935047514,32.46819166835921,5666300784472/175471352203
formal,60,demand-aware-minus-matched-binary,arity_log2_exposure,14.573098551959639,0,14.493167201850293,14.649833005238701,
formal,60,fhs3-minus-matched-binary,traversed_hyperedge_count,-0.737499140909347,0,-0.7530944297084532,-0.7222076332274248,-6525663589/8848367716
formal,60,fhs3-minus-matched-binary,signaled_participant_slots,0.6588011900386084,0,0.6258678097274517,0.6916448895639311,14573287953/22120919290
formal,60,fhs3-minus-matched-binary,unique_signaled_participants,1.3831200150588314,0,1.3649216847135843,1.4014557550921776,61191772443/44241838580
formal,60,fhs3-minus-matched-binary,quadratic_coordination_exposure,7.719000795649123,0,7.637212680296365,7.80145686857861,17075139360/2212091929
formal,60,fhs3-minus-matched-binary,arity_log2_exposure,4.403379215323993,0,4.360680183269429,4.446523932294252,
formal,60,fhs5-minus-matched-binary,traversed_hyperedge_count,-1.5507319285595456,0,-1.575862332606221,-1.5265253274376944,-161105523/103889989
formal,60,fhs5-minus-matched-binary,signaled_participant_slots,2.4411368024229345,0,2.3938608042753193,2.4874880246136346,428346742006/175470191421
formal,60,fhs5-minus-matched-binary,unique_signaled_participants,3.9061944203758916,0,3.8779710851720957,3.933409408467832,685420682671/175470191421
formal,60,fhs5-minus-matched-binary,quadratic_coordination_exposure,32.350459136597486,0,32.162875193932706,32.53128718374097,5676541257256/175470191421
formal,60,fhs5-minus-matched-binary,arity_log2_exposure,14.600259327588844,0,14.51673288478033,14.681113933603944,
formal,60,nch-minus-matched-binary,traversed_hyperedge_count,-1.0330279281244137,0,-1.0464750817958008,-1.0202009789553987,-92940640159/89969145682
formal,60,nch-minus-matched-binary,signaled_participant_slots,7.90466494639933,0,7.7622390951406555,8.054694397222468,355587976065/44984572841
formal,60,nch-minus-matched-binary,unique_signaled_participants,8.55084966406339,0,8.411365679879177,8.699774183762528,769312639131/89969145682
formal,60,nch-minus-matched-binary,quadratic_coordination_exposure,124.88684668352879,0,119.47948489550046,131.0956343254319,5617981451518/44984572841
formal,60,nch-minus-matched-binary,arity_log2_exposure,36.80265787686761,0,35.99719332718172,37.672174411958196,
formal,60,DA-minus-FHS5,traversed_hyperedge_count,-0.001904925323102491,0,-0.0036469909336434014,-0.0005887022092867511,-103090/54117607
formal,60,DA-minus-FHS5,signaled_participant_slots,-0.011110030253853154,0,-0.024265414108420202,-0.000687919407594606,-23616472/2125689261
formal,60,DA-minus-FHS5,unique_signaled_participants,-0.008807624838860661,0,-0.019470442731833515,-0.0003406197294886226,-805057762/91404638223
formal,60,DA-minus-FHS5,quadratic_coordination_exposure,-0.05857380413166169,0,-0.13580804269514601,0.005760607067024637,-5353917376/91404638223
formal,60,DA-minus-FHS5,arity_log2_exposure,-0.027160775629205602,0,-0.06252555622337752,0.001985525014120526,
formal,120,demand-aware-minus-matched-binary,traversed_hyperedge_count,-1.6849237886493187,0,-1.7036228724231646,-1.6672966100546294,-98952441091/58728140559
formal,120,demand-aware-minus-matched-binary,signaled_participant_slots,2.9340955871553325,0,2.892760886935882,2.974002482703627,15664907096/5338921869
formal,120,demand-aware-minus-matched-binary,unique_signaled_participants,4.566989582124563,0,4.541501345542284,4.5925585806933,48765601111/10677843738
formal,120,demand-aware-minus-matched-binary,quadratic_coordination_exposure,37.11245436945795,0,36.95339625819423,37.27583710781278,2179545436699/58728140559
formal,120,demand-aware-minus-matched-binary,arity_log2_exposure,16.764294444787684,0,16.69243087630283,16.837786514798307,
formal,120,fhs3-minus-matched-binary,traversed_hyperedge_count,-0.8284642997081324,0,-0.838664750618868,-0.8184383370425969,-97822742909/118077197706
formal,120,fhs3-minus-matched-binary,signaled_participant_slots,0.7723557246638988,0,0.74917345747585,0.7948565505001959,182395199201/236154395412
formal,120,fhs3-minus-matched-binary,unique_signaled_participants,1.5934832501613405,0,1.579286644092293,1.6076014137241037,376308073541/236154395412
formal,120,fhs3-minus-matched-binary,quadratic_coordination_exposure,8.832564421568286,0,8.768279204682448,8.897311652665747,2085848910913/236154395412
formal,120,fhs3-minus-matched-binary,arity_log2_exposure,5.035476424193808,0,5.001456473049654,5.069802678601195,
formal,120,fhs5-minus-matched-binary,traversed_hyperedge_count,-1.6855455928074687,0,-1.7042950260558216,-1.6679053233229313,-98988958493/58728140559
formal,120,fhs5-minus-matched-binary,signaled_participant_slots,2.9301795439465588,0,2.8893854085278,2.9696750692848672,57361332040/19576046853
formal,120,fhs5-minus-matched-binary,unique_signaled_participants,4.563796220876192,0,4.539345876504828,4.588559656481723,1072093063769/234912562236
formal,120,fhs5-minus-matched-binary,quadratic_coordination_exposure,37.08971221312051,0,36.93681976712311,37.24645812780236,2178209832145/58728140559
formal,120,fhs5-minus-matched-binary,arity_log2_exposure,16.75415684902488,0,16.685187636386253,16.825095494639488,
formal,120,nch-minus-matched-binary,traversed_hyperedge_count,-1.2212616724310348,0,-1.2294395489348044,-1.2129100747067179,-73171260975/59914482397
formal,120,nch-minus-matched-binary,signaled_participant_slots,10.335021844526608,0,10.028552571471945,10.651397738083132,1238434968753/119828964794
formal,120,nch-minus-matched-binary,unique_signaled_participants,11.156558323997466,0,10.859405466393227,11.464525977173386,2673757669257/239657929588
formal,120,nch-minus-matched-binary,quadratic_coordination_exposure,198.04905253182127,0,182.09156947469683,215.52730964239444,35598019414981/179743447191
formal,120,nch-minus-matched-binary,arity_log2_exposure,49.812768736612504,0,47.93947543855735,51.774643298703836,
formal,120,DA-minus-FHS5,traversed_hyperedge_count,0.0006218041581500522,0,-0.0006053088563628961,0.002206110960435659,94/151173
formal,120,DA-minus-FHS5,signaled_participant_slots,0.003916043208773701,0,-0.004415390695928778,0.013991021008854077,592/151173
formal,120,DA-minus-FHS5,unique_signaled_participants,0.003193361248371218,0,-0.003934260312755455,0.011579429561777488,1931/604692
formal,120,DA-minus-FHS5,quadratic_coordination_exposure,0.022742156337443475,0,-0.02617736982831076,0.07866069760019201,382/16797
formal,120,DA-minus-FHS5,arity_log2_exposure,0.010137595762802931,0,-0.012332180905897161,0.03590309644527068,
formal,240,demand-aware-minus-matched-binary,traversed_hyperedge_count,-1.8867406205285944,0,-1.901120740546991,-1.873193011565637,-265712040245/140831250122
formal,240,demand-aware-minus-matched-binary,signaled_participant_slots,3.2936486450285365,0,3.2616760556813453,3.3243562506535405,231924328071/70415625061
formal,240,demand-aware-minus-matched-binary,unique_signaled_participants,5.148833407214965,0,5.128488750814557,5.168825002725749,362558322704/70415625061
formal,240,demand-aware-minus-matched-binary,quadratic_coordination_exposure,41.654989389145456,0,41.53025313120956,41.77971601937431,2933162114746/70415625061
formal,240,demand-aware-minus-matched-binary,arity_log2_exposure,18.80688253248637,0,18.750469712587865,18.863310015949487,
formal,240,fhs3-minus-matched-binary,traversed_hyperedge_count,-0.9646688223452387,0,-0.9757334162335267,-0.9533891929643619,-2728343397245/2828269489017
formal,240,fhs3-minus-matched-binary,signaled_participant_slots,0.8032504922993029,0,0.7787845731657557,0.8288686386858295,2271808859408/2828269489017
formal,240,fhs3-minus-matched-binary,unique_signaled_participants,1.7636351686400484,0,1.7497387029951703,1.7784243798043713,4988035537222/2828269489017
formal,240,fhs3-minus-matched-binary,quadratic_coordination_exposure,9.804265395567944,0,9.74357604960554,9.869097794203707,27729104680510/2828269489017
formal,240,fhs3-minus-matched-binary,arity_log2_exposure,5.598635262462822,0,5.56727436307531,5.6324357019494276,
formal,240,fhs5-minus-matched-binary,traversed_hyperedge_count,-1.8867166437975982,0,-1.9011084741605426,-1.8731761842070709,-132854331786/70415625061
formal,240,fhs5-minus-matched-binary,signaled_participant_slots,3.2937453787363467,0,3.2617156569645456,3.324468183615222,463862279271/140831250122
formal,240,fhs5-minus-matched-binary,unique_signaled_participants,5.14892848735512,0,5.128559552891194,5.168966955714674,725130035663/140831250122
formal,240,fhs5-minus-matched-binary,quadratic_coordination_exposure,41.65544494703438,0,41.530354666030924,41.7802987430306,5866388386279/140831250122
formal,240,fhs5-minus-matched-binary,arity_log2_exposure,18.80709095541102,0,18.750571358339226,18.863661422119577,
formal,240,nch-minus-matched-binary,traversed_hyperedge_count,-1.4507499918469018,0,-1.459834724759504,-1.4416434216898684,-1388140989569/956843699721
formal,240,nch-minus-matched-binary,signaled_participant_slots,13.189220910642764,0,12.924676885816245,13.479661904277426,4206674310859/318947899907
formal,240,nch-minus-matched-binary,unique_signaled_participants,14.245437156115965,0,13.992317514888605,14.52184009462003,13630656792601/956843699721
formal,240,nch-minus-matched-binary,quadratic_coordination_exposure,316.3458392453224,0,298.9622938803029,335.93457434641533,100897841071613/318947899907
formal,240,nch-minus-matched-binary,arity_log2_exposure,66.43929872457142,0,64.76344648034602,68.29509702838052,
formal,240,DA-minus-FHS5,traversed_hyperedge_count,-2.3976730996189133e-05,0,-7.193173925967855e-05,0.0,-29/1209506
formal,240,DA-minus-FHS5,signaled_participant_slots,-9.673370781015933e-05,0,-0.0002902073618411549,0.0,-117/1209506
formal,240,DA-minus-FHS5,unique_signaled_participants,-9.508014015580102e-05,0,-0.0002852465522362735,0.0,-115/1209506
formal,240,DA-minus-FHS5,quadratic_coordination_exposure,-0.00045555788892670535,0,-0.0013667030459387774,0.0,-551/1209506
formal,240,DA-minus-FHS5,arity_log2_exposure,-0.00020842292465417245,0,-0.0006252822152603699,0.0,
confirmation,30,demand-aware-minus-matched-binary,traversed_hyperedge_count,-1.3570763956011214,0,-1.4141645927548832,-1.3030693935479587,-6621423577/4879182630
confirmation,30,demand-aware-minus-matched-binary,signaled_participant_slots,2.1053106734532427,0,1.9833321107305846,2.2201596013427576,15408292903/7318773945
confirmation,30,demand-aware-minus-matched-binary,unique_signaled_participants,3.312481343143876,0,3.2491433874953968,3.371478958843106,9697320859/2927509578
confirmation,30,demand-aware-minus-matched-binary,quadratic_coordination_exposure,28.059928349652015,0,27.69276597129199,28.41576561663088,205364272504/7318773945
confirmation,30,demand-aware-minus-matched-binary,arity_log2_exposure,12.670676149280377,0,12.498922777254679,12.836936907791092,
confirmation,30,fhs3-minus-matched-binary,traversed_hyperedge_count,-0.6148195964892265,0,-0.6372238335656026,-0.5925397630613343,-13592668970/22108386017
confirmation,30,fhs3-minus-matched-binary,signaled_participant_slots,0.6046767898262901,0,0.5579736027718871,0.6524875553778324,13368427885/22108386017
confirmation,30,fhs3-minus-matched-binary,unique_signaled_participants,1.198887365460279,0,1.1734124840974482,1.2255597372076679,53010929333/44216772034
confirmation,30,fhs3-minus-matched-binary,quadratic_coordination_exposure,6.71230152806681,0,6.601776444938315,6.829318003989076,148398153245/22108386017
confirmation,30,fhs3-minus-matched-binary,arity_log2_exposure,3.8236949830690357,0,3.766203234282923,3.884420122391865,
confirmation,30,fhs5-minus-matched-binary,traversed_hyperedge_count,-1.3480969755766892,0,-1.405900872307813,-1.2939308353471626,-7397511874/5487373689
confirmation,30,fhs5-minus-matched-binary,signaled_participant_slots,2.1400490009074,0,2.0150529521513727,2.2574856315908463,46972994323/21949494756
confirmation,30,fhs5-minus-matched-binary,unique_signaled_participants,3.335857547016423,0,3.2702220870781433,3.396560623009214,73220387735/21949494756
confirmation,30,fhs5-minus-matched-binary,quadratic_coordination_exposure,28.208235492880792,0,27.82252613438431,28.57443562702084,619156517027/21949494756
confirmation,30,fhs5-minus-matched-binary,arity_log2_exposure,12.741309828473875,0,12.560893519836533,12.912698386897791,
confirmation,30,nch-minus-matched-binary,traversed_hyperedge_count,-0.8462691811379661,0,-0.8621608201837891,-0.8306748996298583,-4239310486/5009411403
confirmation,30,nch-minus-matched-binary,signaled_participant_slots,5.7718477453627495,0,5.638657008660194,5.917015415232566,3212617768/556601267
confirmation,30,nch-minus-matched-binary,unique_signaled_participants,6.318714184273995,0,6.180539937041086,6.469962949262531,31653038887/5009411403
confirmation,30,nch-minus-matched-binary,quadratic_coordination_exposure,79.16134468942118,0,75.14329577787106,84.1310130057882,396551742764/5009411403
confirmation,30,nch-minus-matched-binary,arity_log2_exposure,26.193549310220455,0,25.451084434813037,27.030611302077048,
confirmation,30,DA-minus-FHS5,traversed_hyperedge_count,-0.008979420024432194,0,-0.012943233583552427,-0.005294765666812085,-34182751/3806788290
confirmation,30,DA-minus-FHS5,signaled_participant_slots,-0.03473832745415706,0,-0.052906831621708506,-0.01742978475704149,-793448749/22840729740
confirmation,30,DA-minus-FHS5,unique_signaled_participants,-0.02337620387254713,0,-0.038126987974993476,-0.009165678551054768,-106785911/4568145948
confirmation,30,DA-minus-FHS5,quadratic_coordination_exposure,-0.14830714322877725,0,-0.23716835925056046,-0.06259629492929264,-3387443377/22840729740
confirmation,30,DA-minus-FHS5,arity_log2_exposure,-0.07063367919349872,0,-0.11222533924597755,-0.030462010060244182,
confirmation,60,demand-aware-minus-matched-binary,traversed_hyperedge_count,-1.5447425683294518,0,-1.5707605035553391,-1.51968476044066,-90594943641/58647275927
confirmation,60,demand-aware-minus-matched-binary,signaled_participant_slots,2.4471055536771855,0,2.392119141922846,2.501919452234775,143516074629/58647275927
confirmation,60,demand-aware-minus-matched-binary,unique_signaled_participants,3.902717334889207,0,3.868101162500193,3.9365615465688624,686651221213/175941827781
confirmation,60,demand-aware-minus-matched-binary,quadratic_coordination_exposure,32.3275441099244,0,32.09975257498499,32.55677028419653,1895922399457/58647275927
confirmation,60,demand-aware-minus-matched-binary,arity_log2_exposure,14.59179563870126,0,14.48860980015195,14.695446502011109,
confirmation,60,fhs3-minus-matched-binary,traversed_hyperedge_count,-0.7296199327555448,0,-0.7457325991364709,-0.7150303847390922,-64628968189/88578950886
confirmation,60,fhs3-minus-matched-binary,signaled_participant_slots,0.6705380982378228,0,0.6399182076844392,0.6986295415085921,59395561271/88578950886
confirmation,60,fhs3-minus-matched-binary,unique_signaled_participants,1.3888968146093106,0,1.3728868499828293,1.4038898147834304,123027022727/88578950886
confirmation,60,fhs3-minus-matched-binary,quadratic_coordination_exposure,7.730410087722383,0,7.661976369065991,7.7960476199160045,684751615489/88578950886
confirmation,60,fhs3-minus-matched-binary,arity_log2_exposure,4.408058829203949,0,4.3727137070743956,4.442322305734778,
confirmation,60,fhs5-minus-matched-binary,traversed_hyperedge_count,-1.543012338857812,0,-1.5690510990614412,-1.5178101182129435,-135741552530/87971786817
confirmation,60,fhs5-minus-matched-binary,signaled_participant_slots,2.4557900040601597,0,2.4000582628821654,2.5116503947388473,432080469409/175943573634
confirmation,60,fhs5-minus-matched-binary,unique_signaled_participants,3.9091994533984344,0,3.874533614152588,3.9433018156429647,687798521879/175943573634
confirmation,60,fhs5-minus-matched-binary,quadratic_coordination_exposure,32.37065176319914,0,32.14229278741428,32.60382353493015,5695408152079/175943573634
confirmation,60,fhs5-minus-matched-binary,arity_log2_exposure,14.611892818172748,0,14.508759351212856,14.717257128004771,
confirmation,60,nch-minus-matched-binary,traversed_hyperedge_count,-1.0269378509128568,0,-1.038350536626489,-1.0157589057408598,-92333148473/89911135704
confirmation,60,nch-minus-matched-binary,signaled_participant_slots,7.850231259737042,0,7.7206329968628795,7.983041823391961,352911604051/44955567852
confirmation,60,nch-minus-matched-binary,unique_signaled_participants,8.489264788733426,0,8.36565679138496,8.61716734183235,763279438447/89911135704
confirmation,60,nch-minus-matched-binary,quadratic_coordination_exposure,122.80510256921133,0,118.04005114786658,128.0511548062874,2760386560561/22477783926
confirmation,60,nch-minus-matched-binary,arity_log2_exposure,36.48854582271342,0,35.76729504850885,37.245237743192504,
confirmation,60,DA-minus-FHS5,traversed_hyperedge_count,-0.0017302294716396993,0,-0.002899102923695107,-0.000675375349539209,-26358587/15234156759
confirmation,60,DA-minus-FHS5,signaled_participant_slots,-0.008684450382974163,0,-0.017082877840332245,-0.0015089399501135858,-264600557/30468313518
confirmation,60,DA-minus-FHS5,unique_signaled_participants,-0.006482118509227419,0,-0.013299062876029666,-0.0006986696962929528,-65833073/10156104506
confirmation,60,DA-minus-FHS5,quadratic_coordination_exposure,-0.04310765327473831,0,-0.09440861971025072,0.0006582734050866179,-1313417495/30468313518
confirmation,60,DA-minus-FHS5,arity_log2_exposure,-0.020097179471488147,0,-0.043244957322404076,-0.0002463402375667556,
confirmation,120,demand-aware-minus-matched-binary,traversed_hyperedge_count,-1.7093974078924616,0,-1.7309955802479777,-1.687831787367812,-1204508309525/704639134214
confirmation,120,demand-aware-minus-matched-binary,signaled_participant_slots,2.8786428287134713,0,2.8325808373616876,2.924355913790005,1014202195268/352319567107
confirmation,120,demand-aware-minus-matched-binary,unique_signaled_participants,4.535633831874819,0,4.508718418384376,4.562811636601992,1597992548202/352319567107
confirmation,120,demand-aware-minus-matched-binary,quadratic_coordination_exposure,36.98477863716161,0,36.832671751338935,37.14055578128144,13030461198993/352319567107
confirmation,120,demand-aware-minus-matched-binary,arity_log2_exposure,16.6976715365859,0,16.628125757339426,16.769110893235826,
confirmation,120,fhs3-minus-matched-binary,traversed_hyperedge_count,-0.8456246847791,0,-0.8576509681374698,-0.8339516440452885,-37399519078/44227090045
confirmation,120,fhs3-minus-matched-binary,signaled_participant_slots,0.741278789394519,0,0.7157846082204964,0.7672778706190018,32784603767/44227090045
confirmation,120,fhs3-minus-matched-binary,unique_signaled_participants,1.5796419530917838,0,1.5651008347982023,1.5947145019160471,279451867593/176908360180
confirmation,120,fhs3-minus-matched-binary,quadratic_coordination_exposure,8.780142055647197,0,8.715552602618677,8.847655814730972,388320133303/44227090045
confirmation,120,fhs3-minus-matched-binary,arity_log2_exposure,5.010092054201355,0,4.976185212876376,5.045531743173231,
confirmation,120,fhs5-minus-matched-binary,traversed_hyperedge_count,-1.70902142276223,0,-1.7305916611954744,-1.687455121344441,-1204249350323/704642630153
confirmation,120,fhs5-minus-matched-binary,signaled_participant_slots,2.8808420210415475,0,2.8346648412865525,2.926446633376867,2029964098762/704642630153
confirmation,120,fhs5-minus-matched-binary,unique_signaled_participants,4.537468875428056,0,4.510761990610565,4.5645034675708125,3197294002619/704642630153
confirmation,120,fhs5-minus-matched-binary,quadratic_coordination_exposure,36.99569999429591,0,36.84425599184979,37.150965043776225,26068747348332/704642630153
confirmation,120,fhs5-minus-matched-binary,arity_log2_exposure,16.702912907629372,0,16.633832665946375,16.774313639723168,
confirmation,120,nch-minus-matched-binary,traversed_hyperedge_count,-1.2166378869669459,0,-1.2251447433441065,-1.208180842869243,-874348504687/718659606160
confirmation,120,nch-minus-matched-binary,signaled_participant_slots,10.06258115750002,0,9.864616935303507,10.268580431605315,3615785305801/359329803080
confirmation,120,nch-minus-matched-binary,unique_signaled_participants,10.893552358508419,0,10.702104477445069,11.094287482832414,7828756047649/718659606160
confirmation,120,nch-minus-matched-binary,quadratic_coordination_exposure,181.952092674077,0,172.8558430115356,191.49126834025017,6538080963057/35932980308
confirmation,120,nch-minus-matched-binary,arity_log2_exposure,48.06727971401143,0,46.89601836099276,49.29170342138311,
confirmation,120,DA-minus-FHS5,traversed_hyperedge_count,-0.0003759851302316264,0,-0.0012436268259570227,0.00031529021960308157,-137474187/365637297718
confirmation,120,DA-minus-FHS5,signaled_participant_slots,-0.002199192328076194,0,-0.008000673939960734,0.002805017980399782,-402053370/182818648859
confirmation,120,DA-minus-FHS5,unique_signaled_participants,-0.00183504355323727,0,-0.006669964526727412,0.002480380192675824,-335480183/182818648859
confirmation,120,DA-minus-FHS5,quadratic_coordination_exposure,-0.010921357134300536,0,-0.04274861431500909,0.017938432561692252,-1996627755/182818648859
confirmation,120,DA-minus-FHS5,arity_log2_exposure,-0.005241371043471332,0,-0.019988714346443004,0.007917655389565681,
confirmation,240,demand-aware-minus-matched-binary,traversed_hyperedge_count,-1.9009948788137132,0,-1.916209804008783,-1.88638334083477,-1783766788039/938333294802
confirmation,240,demand-aware-minus-matched-binary,signaled_participant_slots,3.2663301528149784,0,3.232109982223525,3.299237509559637,510817722367/156388882467
confirmation,240,demand-aware-minus-matched-binary,unique_signaled_participants,5.135855028710134,0,5.114578548874437,5.156731575429638,1606381256905/312777764934
confirmation,240,demand-aware-minus-matched-binary,quadratic_coordination_exposure,41.59006497085967,0,41.46410933917505,41.71782723370847,19512671347568/469166647401
confirmation,240,demand-aware-minus-matched-binary,arity_log2_exposure,18.778705803149172,0,18.721043819773236,18.8371982945566,
confirmation,240,fhs3-minus-matched-binary,traversed_hyperedge_count,-0.9643871325744855,0,-0.9788074631378572,-0.9516028448416218,-227349523148/235745081481
confirmation,240,fhs3-minus-matched-binary,signaled_participant_slots,0.8096570663951841,0,0.7795468698516759,0.8367674206269768,190872671089/235745081481
confirmation,240,fhs3-minus-matched-binary,unique_signaled_participants,1.7695496752182356,0,1.7532387302378085,1.784694359533848,59594661767/33677868783
confirmation,240,fhs3-minus-matched-binary,quadratic_coordination_exposure,9.834608127422829,0,9.765352418196388,9.89982130140043,2318460494333/235745081481
confirmation,240,fhs3-minus-matched-binary,arity_log2_exposure,5.615295985654887,0,5.579548061324333,5.64916379366211,
confirmation,240,fhs5-minus-matched-binary,traversed_hyperedge_count,-1.9009907448774865,0,-1.9162051458617229,-1.88638334083477,-198195878781/104259254978
confirmation,240,fhs5-minus-matched-binary,signaled_participant_slots,3.266256568750146,0,3.2320014005424973,3.2991997780273543,1532418643912/469166647401
confirmation,240,fhs5-minus-matched-binary,unique_signaled_participants,5.135740105283034,0,5.114459196772326,5.1566380742078,4819035934237/938333294802
confirmation,240,fhs5-minus-matched-binary,quadratic_coordination_exposure,41.589401060701675,0,41.46362394766258,41.71741075289348,2168039984785/52129627489
confirmation,240,fhs5-minus-matched-binary,arity_log2_exposure,18.778429277815434,0,18.720708532186613,18.837048600075107,
confirmation,240,nch-minus-matched-binary,traversed_hyperedge_count,-1.4420705154011846,0,-1.4516666427814209,-1.4332807715714766,-4145092400423/2874403405488
confirmation,240,nch-minus-matched-binary,signaled_participant_slots,13.128243392272012,0,12.864603540170329,13.417569690204603,18867933757411/1437201702744
confirmation,240,nch-minus-matched-binary,unique_signaled_participants,14.182107714469582,0,13.925285451844704,14.463546729481555,40765098711469/2874403405488
confirmation,240,nch-minus-matched-binary,quadratic_coordination_exposure,306.30475792569666,0,288.9529072723874,325.63109158945315,55027714956175/179650212843
confirmation,240,nch-minus-matched-binary,arity_log2_exposure,65.73923082513082,0,64.0479783701303,67.5963748805482,
confirmation,240,DA-minus-FHS5,traversed_hyperedge_count,-4.133936226669022e-06,0,-1.240201375640737e-05,0.0,-5/1209501
confirmation,240,DA-minus-FHS5,signaled_participant_slots,7.358406483248814e-05,0,0.0,0.00022075584486280775,89/1209501
confirmation,240,DA-minus-FHS5,unique_signaled_participants,0.00011492342710006653,0,0.0,0.00034477598242688146,139/1209501
confirmation,240,DA-minus-FHS5,quadratic_coordination_exposure,0.0006639101579963835,0,0.0,0.0019917634092649905,803/1209501
confirmation,240,DA-minus-FHS5,arity_log2_exposure,0.00027652533373867527,0,0.0,0.0008295897191175072,
