phase,nodes,metric,independent_parents,estimate,adjusted_lower,adjusted_upper,plot_multiplier,exact_estimate,exact_lower,exact_upper
formal,30,normalized_restricted_tau_nopath,60,0.0018584656084656085,0.0,0.0048015873015873015,100,"[281, 151200]","[0, 1]","[121, 25200]"
formal,30,failure_risk,60,0.0,0.0,0.0,100,"[0, 1]","[0, 1]","[0, 1]"
formal,60,normalized_restricted_tau_nopath,60,8.597883597883598e-05,0.0,0.0004166666666666667,100,"[13, 151200]","[0, 1]","[1, 2400]"
formal,60,failure_risk,60,-0.002380952380952381,-0.011904761904761904,0.0,100,"[-1, 420]","[-1, 84]","[0, 1]"
formal,120,normalized_restricted_tau_nopath,60,-8.432539682539683e-05,-0.00042162698412698415,0.0,100,"[-17, 201600]","[-17, 40320]","[0, 1]"
formal,120,failure_risk,60,0.0,0.0,0.0,100,"[0, 1]","[0, 1]","[0, 1]"
formal,240,normalized_restricted_tau_nopath,60,0.0,0.0,0.0,100,"[0, 1]","[0, 1]","[0, 1]"
formal,240,failure_risk,60,0.0,0.0,0.0,100,"[0, 1]","[0, 1]","[0, 1]"
confirmation,30,normalized_restricted_tau_nopath,60,0.000906084656084656,0.0,0.0028505291005291003,100,"[137, 151200]","[0, 1]","[431, 151200]"
confirmation,30,failure_risk,60,-0.011904761904761904,-0.03571428571428571,0.0,100,"[-1, 84]","[-1, 28]","[0, 1]"
confirmation,60,normalized_restricted_tau_nopath,60,-0.00015211640211640213,-0.0006944444444444445,0.0,100,"[-23, 151200]","[-1, 1440]","[0, 1]"
confirmation,60,failure_risk,60,0.0,0.0,0.0,100,"[0, 1]","[0, 1]","[0, 1]"
confirmation,120,normalized_restricted_tau_nopath,60,4.298941798941799e-05,0.0,0.00021494708994708995,100,"[13, 302400]","[0, 1]","[13, 60480]"
confirmation,120,failure_risk,60,0.0,0.0,0.0,100,"[0, 1]","[0, 1]","[0, 1]"
confirmation,240,normalized_restricted_tau_nopath,60,0.0,0.0,0.0,100,"[0, 1]","[0, 1]","[0, 1]"
confirmation,240,failure_risk,60,0.0,0.0,0.0,100,"[0, 1]","[0, 1]","[0, 1]"
